report_year,report_period,report_date,entity_code,program_name,line_code,line_name,service_code,service_name,ubigeo,department,province,district,center_code,center_name,num_ca,total_nna,male_nna,female_nna,age_0_5_total,age_0_5_male,age_0_5_female,age_6_11_total,age_6_11_male,age_6_11_female,age_12_17_total,age_12_17_male,age_12_17_female,age_18_plus_total,age_18_plus_male,age_18_plus_female,source_snapshot
2014,ENE - DIC,2015-01-10,ENT005,"DIRECCION GENERAL DE NIÑAS, NIÑOS Y ADOLESCENTE",LIN001,"ATENCION A NIÑAS, NIÑOS Y ADOLESCENTES EN PRESUNTO ESTADO DE ABANDONO",SER016,UNIDAD DE INVESTIGACIÓN TUTELAR,150101,LIMA METROPOLITANA,LIMA,LIMA,SEDE01,LIMA METROPOLITANA Y CALLAO,1,3960,1738,2222,921,,,1232,,,1807,,,,,,2025-09
2014,ENE - DIC,2015-01-10,ENT005,"DIRECCION GENERAL DE NIÑAS, NIÑOS Y ADOLESCENTE",LIN001,"ATENCION A NIÑAS, NIÑOS Y ADOLESCENTES EN PRESUNTO ESTADO DE ABANDONO",SER016,UNIDAD DE INVESTIGACIÓN TUTELAR,040101,AREQUIPA,AREQUIPA,AREQUIPA,UIT001,UIT - AREQUIPA,1,1082,473,609,225,,,244,,,613,,,,,,2025-09
2014,ENE - DIC,2015-01-10,ENT005,"DIRECCION GENERAL DE NIÑAS, NIÑOS Y ADOLESCENTE",LIN001,"ATENCION A NIÑAS, NIÑOS Y ADOLESCENTES EN PRESUNTO ESTADO DE ABANDONO",SER016,UNIDAD DE INVESTIGACIÓN TUTELAR,080108,CUSCO,CUSCO,WANCHAQ,UIT002,UIT - CUSCO,1,696,333,363,218,,,231,,,247,,,,,,2025-09
2014,ENE - DIC,2015-01-10,ENT005,"DIRECCION GENERAL DE NIÑAS, NIÑOS Y ADOLESCENTE",LIN001,"ATENCION A NIÑAS, NIÑOS Y ADOLESCENTES EN PRESUNTO ESTADO DE ABANDONO",SER016,UNIDAD DE INVESTIGACIÓN TUTELAR,120114,JUNÍN,HUANCAYO,EL TAMBO,UIT003,UIT - JUNIN,1,324,168,156,73,,,85,,,166,,,,,,2025-09
2013,ENE - DIC,2015-01-10,ENT005,"DIRECCION GENERAL DE NIÑAS, NIÑOS Y ADOLESCENTE",LIN001,"ATENCION A NIÑAS, NIÑOS Y ADOLESCENTES EN PRESUNTO ESTADO DE ABANDONO",SER016,UNIDAD DE INVESTIGACIÓN TUTELAR,150101,LIMA METROPOLITANA,LIMA,LIMA,SEDE01,LIMA METROPOLITANA Y CALLAO,1,3830,1437,2393,890,,,1088,,,1852,,,,,,2025-09
2015,ENE - DIC,2016-01-21,ENT005,"DIRECCION GENERAL DE NIÑAS, NIÑOS Y ADOLESCENTE",LIN001,"ATENCION A NIÑAS, NIÑOS Y ADOLESCENTES EN PRESUNTO ESTADO DE ABANDONO",SER016,UNIDAD DE INVESTIGACIÓN TUTELAR,150101,LIMA METROPOLITANA,LIMA,LIMA,SEDE01,LIMA METROPOLITANA Y CALLAO,1,6710,2929,3781,1695,,,2266,,,2749,,,,,,2025-09
2015,ENE - DIC,2016-01-21,ENT005,"DIRECCION GENERAL DE NIÑAS, NIÑOS Y ADOLESCENTE",LIN001,"ATENCION A NIÑAS, NIÑOS Y ADOLESCENTES EN PRESUNTO ESTADO DE ABANDONO",SER016,UNIDAD DE INVESTIGACIÓN TUTELAR,040101,AREQUIPA,AREQUIPA,AREQUIPA,UIT001,UIT - AREQUIPA,1,803,340,463,190,,,220,,,393,,,,,,2025-09
2015,ENE - DIC,2016-01-21,ENT005,"DIRECCION GENERAL DE NIÑAS, NIÑOS Y ADOLESCENTE",LIN001,"ATENCION A NIÑAS, NIÑOS Y ADOLESCENTES EN PRESUNTO ESTADO DE ABANDONO",SER016,UNIDAD DE INVESTIGACIÓN TUTELAR,080108,CUSCO,CUSCO,WANCHAQ,UIT002,UIT - CUSCO,1,639,324,315,211,,,204,,,224,,,,,,2025-09
2015,ENE - DIC,2016-01-21,ENT005,"DIRECCION GENERAL DE NIÑAS, NIÑOS Y ADOLESCENTE",LIN001,"ATENCION A NIÑAS, NIÑOS Y ADOLESCENTES EN PRESUNTO ESTADO DE ABANDONO",SER016,UNIDAD DE INVESTIGACIÓN TUTELAR,120114,JUNÍN,HUANCAYO,EL TAMBO,UIT003,UIT - JUNÍN,1,512,259,253,132,,,170,,,210,,,,,,2025-09
2015,ENE - DIC,2016-01-21,ENT005,"DIRECCION GENERAL DE NIÑAS, NIÑOS Y ADOLESCENTE",LIN001,"ATENCION A NIÑAS, NIÑOS Y ADOLESCENTES EN PRESUNTO ESTADO DE ABANDONO",SER016,UNIDAD DE INVESTIGACIÓN TUTELAR,170101,MADRE DE DIOS,TAMBOPATA,TAMBOPATA,UIT004,UIT - MADRE DE DIOS,1,283,133,150,86,,,100,,,97,,,,,,2025-09
2015,ENE - DIC,2016-01-21,ENT005,"DIRECCION GENERAL DE NIÑAS, NIÑOS Y ADOLESCENTE",LIN001,"ATENCION A NIÑAS, NIÑOS Y ADOLESCENTES EN PRESUNTO ESTADO DE ABANDONO",SER016,UNIDAD DE INVESTIGACIÓN TUTELAR,200101,PIURA,PIURA,PIURA,UIT005,UIT - PIURA,1,326,158,168,82,,,95,,,149,,,,,,2025-09
2016,ENE - DIC,2017-01-17,ENT005,"DIRECCION GENERAL DE NIÑAS, NIÑOS Y ADOLESCENTE",LIN001,"ATENCION A NIÑAS, NIÑOS Y ADOLESCENTES EN PRESUNTO ESTADO DE ABANDONO",SER016,UNIDAD DE INVESTIGACIÓN TUTELAR,150101,LIMA METROPOLITANA,LIMA,LIMA,SEDE01,UIT - LIMA,1,3398,1433,1965,865,436,429,1119,562,557,1414,435,979,,,,2025-09
2016,ENE - DIC,2017-01-17,ENT005,"DIRECCION GENERAL DE NIÑAS, NIÑOS Y ADOLESCENTE",LIN001,"ATENCION A NIÑAS, NIÑOS Y ADOLESCENTES EN PRESUNTO ESTADO DE ABANDONO",SER016,UNIDAD DE INVESTIGACIÓN TUTELAR,070101,CALLAO,CALLAO,CALLAO,UIT006,UIT - LIMA NORTE CALLAO,1,2473,1120,1353,707,356,351,842,424,418,924,340,584,,,,2025-09
2016,ENE - DIC,2017-01-17,ENT005,"DIRECCION GENERAL DE NIÑAS, NIÑOS Y ADOLESCENTE",LIN001,"ATENCION A NIÑAS, NIÑOS Y ADOLESCENTES EN PRESUNTO ESTADO DE ABANDONO",SER016,UNIDAD DE INVESTIGACIÓN TUTELAR,150103,LIMA METROPOLITANA,LIMA,ATE,UIT007,UIT - LIMA ESTE,1,2088,893,1195,515,263,252,688,346,342,885,284,601,,,,2025-09
2016,ENE - DIC,2017-01-17,ENT005,"DIRECCION GENERAL DE NIÑAS, NIÑOS Y ADOLESCENTE",LIN001,"ATENCION A NIÑAS, NIÑOS Y ADOLESCENTES EN PRESUNTO ESTADO DE ABANDONO",SER016,UNIDAD DE INVESTIGACIÓN TUTELAR,040101,AREQUIPA,AREQUIPA,AREQUIPA,UIT001,UIT - AREQUIPA,1,1393,612,781,348,176,172,411,197,214,634,239,395,,,,2025-09
2016,ENE - DIC,2017-01-17,ENT005,"DIRECCION GENERAL DE NIÑAS, NIÑOS Y ADOLESCENTE",LIN001,"ATENCION A NIÑAS, NIÑOS Y ADOLESCENTES EN PRESUNTO ESTADO DE ABANDONO",SER016,UNIDAD DE INVESTIGACIÓN TUTELAR,080108,CUSCO,CUSCO,WANCHAQ,UIT002,UIT - CUSCO,1,815,399,416,283,158,125,260,127,133,272,114,158,,,,2025-09
2016,ENE - DIC,2017-01-17,ENT005,"DIRECCION GENERAL DE NIÑAS, NIÑOS Y ADOLESCENTE",LIN001,"ATENCION A NIÑAS, NIÑOS Y ADOLESCENTES EN PRESUNTO ESTADO DE ABANDONO",SER016,UNIDAD DE INVESTIGACIÓN TUTELAR,120114,JUNÍN,HUANCAYO,EL TAMBO,UIT003,UIT - JUNÍN,1,916,449,467,190,110,80,343,176,167,383,163,220,,,,2025-09
2016,ENE - DIC,2017-01-17,ENT005,"DIRECCION GENERAL DE NIÑAS, NIÑOS Y ADOLESCENTE",LIN001,"ATENCION A NIÑAS, NIÑOS Y ADOLESCENTES EN PRESUNTO ESTADO DE ABANDONO",SER016,UNIDAD DE INVESTIGACIÓN TUTELAR,170101,MADRE DE DIOS,TAMBOPATA,TAMBOPATA,UIT004,UIT - MADRE DE DIOS,1,633,273,360,169,83,86,198,100,98,266,90,176,,,,2025-09
2016,ENE - DIC,2017-01-17,ENT005,"DIRECCION GENERAL DE NIÑAS, NIÑOS Y ADOLESCENTE",LIN001,"ATENCION A NIÑAS, NIÑOS Y ADOLESCENTES EN PRESUNTO ESTADO DE ABANDONO",SER016,UNIDAD DE INVESTIGACIÓN TUTELAR,200101,PIURA,PIURA,PIURA,UIT005,UIT - PIURA,1,808,323,485,158,62,96,266,126,140,384,135,249,,,,2025-09
2017,ENE - DIC,2018-01-15,ENT005,"DIRECCION GENERAL DE NIÑAS, NIÑOS Y ADOLESCENTE",LIN001,"ATENCION A NIÑAS, NIÑOS Y ADOLESCENTES EN PRESUNTO ESTADO DE ABANDONO",SER016,UNIDAD DE INVESTIGACIÓN TUTELAR,150101,LIMA METROPOLITANA,LIMA,LIMA,SEDE01,UIT - LIMA,1,3251,1337,1914,842,428,414,916,413,503,1493,496,997,,,,2025-09
2017,ENE - DIC,2018-01-15,ENT005,"DIRECCION GENERAL DE NIÑAS, NIÑOS Y ADOLESCENTE",LIN001,"ATENCION A NIÑAS, NIÑOS Y ADOLESCENTES EN PRESUNTO ESTADO DE ABANDONO",SER016,UNIDAD DE INVESTIGACIÓN TUTELAR,070101,CALLAO,CALLAO,CALLAO,UIT006,UIT - LIMA NORTE CALLAO,1,2449,1045,1404,705,368,337,821,414,407,923,264,659,,,,2025-09
2017,ENE - DIC,2018-01-15,ENT005,"DIRECCION GENERAL DE NIÑAS, NIÑOS Y ADOLESCENTE",LIN001,"ATENCION A NIÑAS, NIÑOS Y ADOLESCENTES EN PRESUNTO ESTADO DE ABANDONO",SER016,UNIDAD DE INVESTIGACIÓN TUTELAR,150103,LIMA METROPOLITANA,LIMA,ATE,UIT007,UIT - LIMA ESTE,1,1751,688,1063,439,192,247,586,282,304,726,214,512,,,,2025-09
2017,ENE - DIC,2018-01-15,ENT005,"DIRECCION GENERAL DE NIÑAS, NIÑOS Y ADOLESCENTE",LIN001,"ATENCION A NIÑAS, NIÑOS Y ADOLESCENTES EN PRESUNTO ESTADO DE ABANDONO",SER016,UNIDAD DE INVESTIGACIÓN TUTELAR,040101,AREQUIPA,AREQUIPA,AREQUIPA,UIT001,UIT - AREQUIPA,1,1875,839,1036,468,238,230,534,252,282,873,349,524,,,,2025-09
2017,ENE - DIC,2018-01-15,ENT005,"DIRECCION GENERAL DE NIÑAS, NIÑOS Y ADOLESCENTE",LIN001,"ATENCION A NIÑAS, NIÑOS Y ADOLESCENTES EN PRESUNTO ESTADO DE ABANDONO",SER016,UNIDAD DE INVESTIGACIÓN TUTELAR,080108,CUSCO,CUSCO,WANCHAQ,UIT002,UIT - CUSCO,1,896,431,465,274,139,135,284,145,139,338,147,191,,,,2025-09
2017,ENE - DIC,2018-01-15,ENT005,"DIRECCION GENERAL DE NIÑAS, NIÑOS Y ADOLESCENTE",LIN001,"ATENCION A NIÑAS, NIÑOS Y ADOLESCENTES EN PRESUNTO ESTADO DE ABANDONO",SER016,UNIDAD DE INVESTIGACIÓN TUTELAR,120114,JUNÍN,HUANCAYO,EL TAMBO,UIT003,UIT - JUNÍN,1,582,311,271,131,67,64,224,103,121,227,101,126,,,,2025-09
2017,ENE - DIC,2018-01-15,ENT005,"DIRECCION GENERAL DE NIÑAS, NIÑOS Y ADOLESCENTE",LIN001,"ATENCION A NIÑAS, NIÑOS Y ADOLESCENTES EN PRESUNTO ESTADO DE ABANDONO",SER016,UNIDAD DE INVESTIGACIÓN TUTELAR,170101,MADRE DE DIOS,TAMBOPATA,TAMBOPATA,UIT004,UIT - MADRE DE DIOS,1,427,191,236,116,69,47,142,74,68,169,48,121,,,,2025-09
2017,ENE - DIC,2018-01-15,ENT005,"DIRECCION GENERAL DE NIÑAS, NIÑOS Y ADOLESCENTE",LIN001,"ATENCION A NIÑAS, NIÑOS Y ADOLESCENTES EN PRESUNTO ESTADO DE ABANDONO",SER016,UNIDAD DE INVESTIGACIÓN TUTELAR,200101,PIURA,PIURA,PIURA,UIT005,UIT - PIURA,1,886,388,498,189,100,89,254,125,129,443,163,280,,,,2025-09
2018,ENE - DIC,2019-01-28,ENT005,"DIRECCION GENERAL DE NIÑAS, NIÑOS Y ADOLESCENTE",LIN001,"ATENCION A NIÑAS, NIÑOS Y ADOLESCENTES EN PRESUNTO ESTADO DE ABANDONO",SER016,UNIDAD DE PROTECCIÓN ESPECIAL,150101,LIMA METROPOLITANA,LIMA,LIMA,SEDE01,UPE - LIMA,1,3967,1642,2325,909,466,443,1110,511,599,1948,665,1283,,,,2025-09
2018,ENE - DIC,2019-01-28,ENT005,"DIRECCION GENERAL DE NIÑAS, NIÑOS Y ADOLESCENTE",LIN001,"ATENCION A NIÑAS, NIÑOS Y ADOLESCENTES EN PRESUNTO ESTADO DE ABANDONO",SER016,UNIDAD DE PROTECCIÓN ESPECIAL,070101,CALLAO,CALLAO,CALLAO,UIT006,UPE - LIMA NORTE CALLAO,1,3625,1543,2082,908,443,465,1275,655,620,1442,445,997,,,,2025-09
2018,ENE - DIC,2019-01-28,ENT005,"DIRECCION GENERAL DE NIÑAS, NIÑOS Y ADOLESCENTE",LIN001,"ATENCION A NIÑAS, NIÑOS Y ADOLESCENTES EN PRESUNTO ESTADO DE ABANDONO",SER016,UNIDAD DE PROTECCIÓN ESPECIAL,150103,LIMA METROPOLITANA,LIMA,ATE,UIT007,UPE - LIMA ESTE,1,2455,958,1497,566,279,287,765,373,392,1124,306,818,,,,2025-09
2018,ENE - DIC,2019-01-28,ENT005,"DIRECCION GENERAL DE NIÑAS, NIÑOS Y ADOLESCENTE",LIN001,"ATENCION A NIÑAS, NIÑOS Y ADOLESCENTES EN PRESUNTO ESTADO DE ABANDONO",SER016,UNIDAD DE PROTECCIÓN ESPECIAL,040101,AREQUIPA,AREQUIPA,AREQUIPA,UIT001,UPE - AREQUIPA,1,2243,1012,1231,589,266,323,714,339,375,940,351,589,,,,2025-09
2018,ENE - DIC,2019-01-28,ENT005,"DIRECCION GENERAL DE NIÑAS, NIÑOS Y ADOLESCENTE",LIN001,"ATENCION A NIÑAS, NIÑOS Y ADOLESCENTES EN PRESUNTO ESTADO DE ABANDONO",SER016,UNIDAD DE PROTECCIÓN ESPECIAL,060101,CAJAMARCA,CAJAMARCA,CAJAMARCA,UPE008,UPE - CAJAMARCA,1,838,406,432,97,46,51,153,74,79,588,286,302,,,,2025-09
2018,ENE - DIC,2019-01-28,ENT005,"DIRECCION GENERAL DE NIÑAS, NIÑOS Y ADOLESCENTE",LIN001,"ATENCION A NIÑAS, NIÑOS Y ADOLESCENTES EN PRESUNTO ESTADO DE ABANDONO",SER016,UNIDAD DE PROTECCIÓN ESPECIAL,080108,CUSCO,CUSCO,WANCHAQ,UIT002,UPE - CUSCO,1,814,354,460,192,97,95,220,99,121,402,158,244,,,,2025-09
2018,ENE - DIC,2019-01-28,ENT005,"DIRECCION GENERAL DE NIÑAS, NIÑOS Y ADOLESCENTE",LIN001,"ATENCION A NIÑAS, NIÑOS Y ADOLESCENTES EN PRESUNTO ESTADO DE ABANDONO",SER016,UNIDAD DE PROTECCIÓN ESPECIAL,120114,JUNÍN,HUANCAYO,EL TAMBO,UIT003,UPE - JUNIN,1,610,247,363,169,77,92,193,92,101,248,78,170,,,,2025-09
2018,ENE - DIC,2019-01-28,ENT005,"DIRECCION GENERAL DE NIÑAS, NIÑOS Y ADOLESCENTE",LIN001,"ATENCION A NIÑAS, NIÑOS Y ADOLESCENTES EN PRESUNTO ESTADO DE ABANDONO",SER016,UNIDAD DE PROTECCIÓN ESPECIAL,170101,MADRE DE DIOS,TAMBOPATA,TAMBOPATA,UIT004,UPE - MADRE DE DIOS,1,480,213,267,145,66,79,162,86,76,173,61,112,,,,2025-09
2018,ENE - DIC,2019-01-28,ENT005,"DIRECCION GENERAL DE NIÑAS, NIÑOS Y ADOLESCENTE",LIN001,"ATENCION A NIÑAS, NIÑOS Y ADOLESCENTES EN PRESUNTO ESTADO DE ABANDONO",SER016,UNIDAD DE PROTECCIÓN ESPECIAL,200101,PIURA,PIURA,PIURA,UIT005,UPE - PIURA,1,1243,500,743,277,141,136,374,173,201,592,186,406,,,,2025-09
2018,ENE - DIC,2019-01-28,ENT005,"DIRECCION GENERAL DE NIÑAS, NIÑOS Y ADOLESCENTE",LIN001,"ATENCION A NIÑAS, NIÑOS Y ADOLESCENTES EN PRESUNTO ESTADO DE ABANDONO",SER016,UNIDAD DE PROTECCIÓN ESPECIAL,160101,LORETO,MAYNAS,IQUITOS,UPE009,UPE - LORETO,1,445,160,285,97,50,47,98,50,48,250,60,190,,,,2025-09
2018,ENE - DIC,2019-01-28,ENT005,"DIRECCION GENERAL DE NIÑAS, NIÑOS Y ADOLESCENTE",LIN001,"ATENCION A NIÑAS, NIÑOS Y ADOLESCENTES EN PRESUNTO ESTADO DE ABANDONO",SER016,UNIDAD DE PROTECCIÓN ESPECIAL,230101,TACNA,TACNA,TACNA,UPE010,UPE - TACNA,1,194,81,113,35,21,14,60,30,30,99,30,69,,,,2025-09
2018,ENE - DIC,2019-01-28,ENT005,"DIRECCION GENERAL DE NIÑAS, NIÑOS Y ADOLESCENTE",LIN001,"ATENCION A NIÑAS, NIÑOS Y ADOLESCENTES EN PRESUNTO ESTADO DE ABANDONO",SER016,UNIDAD DE PROTECCIÓN ESPECIAL,240101,TUMBES,TUMBES,TUMBES,UPE011,UPE -TUMBES,1,113,48,65,11,5,6,18,9,9,84,34,50,,,,2025-09
2018,ENE - DIC,2019-01-28,ENT005,"DIRECCION GENERAL DE NIÑAS, NIÑOS Y ADOLESCENTE",LIN001,"ATENCION A NIÑAS, NIÑOS Y ADOLESCENTES EN PRESUNTO ESTADO DE ABANDONO",SER016,UNIDAD DE PROTECCIÓN ESPECIAL,030101,APURIMAC,ABANCAY,ABANCAY,UPE012,UPE APURIMAC,1,29,12,17,6,4,2,6,3,3,17,5,12,,,,2025-09
2018,ENE - DIC,2019-01-28,ENT005,"DIRECCION GENERAL DE NIÑAS, NIÑOS Y ADOLESCENTE",LIN001,"ATENCION A NIÑAS, NIÑOS Y ADOLESCENTES EN PRESUNTO ESTADO DE ABANDONO",SER016,UNIDAD DE PROTECCIÓN ESPECIAL,050101,AYACUCHO,HUAMANGA,AYACUCHO,UPE013,UPE AYACUCHO,1,88,39,49,22,10,12,18,10,8,48,19,29,,,,2025-09
2018,ENE - DIC,2019-01-28,ENT005,"DIRECCION GENERAL DE NIÑAS, NIÑOS Y ADOLESCENTE",LIN001,"ATENCION A NIÑAS, NIÑOS Y ADOLESCENTES EN PRESUNTO ESTADO DE ABANDONO",SER016,UNIDAD DE PROTECCIÓN ESPECIAL,100101,HUÁNUCO,HUÁNUCO,HUÁNUCO,UPE014,UPE HUANUCO,1,37,21,16,12,5,7,10,7,3,15,9,6,,,,2025-09
2018,ENE - DIC,2019-01-28,ENT005,"DIRECCION GENERAL DE NIÑAS, NIÑOS Y ADOLESCENTE",LIN001,"ATENCION A NIÑAS, NIÑOS Y ADOLESCENTES EN PRESUNTO ESTADO DE ABANDONO",SER016,UNIDAD DE PROTECCIÓN ESPECIAL,140101,LAMBAYEQUE,CHICLAYO,CHICLAYO,UPE015,UPE LAMBAYEQUE,1,40,15,25,12,6,6,3,2,1,25,7,18,,,,2025-09
2019,ENE - DIC,2020-01-14,ENT005,"DIRECCION GENERAL DE NIÑAS, NIÑOS Y ADOLESCENTE",LIN001,"ATENCION A NIÑAS, NIÑOS Y ADOLESCENTES EN PRESUNTO ESTADO DE ABANDONO",SER016,UNIDAD DE PROTECCIÓN ESPECIAL,030101,APURÍMAC,ABANCAY,ABANCAY,UPE012,UPE APURIMAC,1,352,185,167,52,31,21,111,68,43,189,86,103,,,,2025-09
2019,ENE - DIC,2020-01-14,ENT005,"DIRECCION GENERAL DE NIÑAS, NIÑOS Y ADOLESCENTE",LIN001,"ATENCION A NIÑAS, NIÑOS Y ADOLESCENTES EN PRESUNTO ESTADO DE ABANDONO",SER016,UNIDAD DE PROTECCIÓN ESPECIAL,040101,AREQUIPA,AREQUIPA,AREQUIPA,UIT001,UPE - AREQUIPA,1,2893,1274,1619,751,381,370,990,482,508,1152,411,741,,,,2025-09
2019,ENE - DIC,2020-01-14,ENT005,"DIRECCION GENERAL DE NIÑAS, NIÑOS Y ADOLESCENTE",LIN001,"ATENCION A NIÑAS, NIÑOS Y ADOLESCENTES EN PRESUNTO ESTADO DE ABANDONO",SER016,UNIDAD DE PROTECCIÓN ESPECIAL,050101,AYACUCHO,HUAMANGA,AYACUCHO,UPE013,UPE AYACUCHO,1,735,337,398,180,97,83,204,92,112,351,148,203,,,,2025-09
2019,ENE - DIC,2020-01-14,ENT005,"DIRECCION GENERAL DE NIÑAS, NIÑOS Y ADOLESCENTE",LIN001,"ATENCION A NIÑAS, NIÑOS Y ADOLESCENTES EN PRESUNTO ESTADO DE ABANDONO",SER016,UNIDAD DE PROTECCIÓN ESPECIAL,060101,CAJAMARCA,CAJAMARCA,CAJAMARCA,UPE008,UPE - CAJAMARCA,1,1122,552,570,154,74,80,207,106,101,761,372,389,,,,2025-09
2019,ENE - DIC,2020-01-14,ENT005,"DIRECCION GENERAL DE NIÑAS, NIÑOS Y ADOLESCENTE",LIN001,"ATENCION A NIÑAS, NIÑOS Y ADOLESCENTES EN PRESUNTO ESTADO DE ABANDONO",SER016,UNIDAD DE PROTECCIÓN ESPECIAL,070101,CALLAO,CALLAO,CALLAO,UIT006,UPE - LIMA NORTE CALLAO,1,4777,2128,2649,1186,603,583,1525,764,761,2066,761,1305,,,,2025-09
2019,ENE - DIC,2020-01-14,ENT005,"DIRECCION GENERAL DE NIÑAS, NIÑOS Y ADOLESCENTE",LIN001,"ATENCION A NIÑAS, NIÑOS Y ADOLESCENTES EN PRESUNTO ESTADO DE ABANDONO",SER016,UNIDAD DE PROTECCIÓN ESPECIAL,080108,CUSCO,CUSCO,WANCHAQ,UIT002,UPE - CUSCO,1,1165,530,635,325,166,159,317,151,166,523,213,310,,,,2025-09
2019,ENE - DIC,2020-01-14,ENT005,"DIRECCION GENERAL DE NIÑAS, NIÑOS Y ADOLESCENTE",LIN001,"ATENCION A NIÑAS, NIÑOS Y ADOLESCENTES EN PRESUNTO ESTADO DE ABANDONO",SER016,UNIDAD DE PROTECCIÓN ESPECIAL,100101,HUÁNUCO,HUÁNUCO,HUÁNUCO,UPE014,UPE HUANUCO,1,704,293,411,181,90,91,189,103,86,334,100,234,,,,2025-09
2019,ENE - DIC,2020-01-14,ENT005,"DIRECCION GENERAL DE NIÑAS, NIÑOS Y ADOLESCENTE",LIN001,"ATENCION A NIÑAS, NIÑOS Y ADOLESCENTES EN PRESUNTO ESTADO DE ABANDONO",SER016,UNIDAD DE PROTECCIÓN ESPECIAL,120114,JUNÍN,HUANCAYO,EL TAMBO,UIT003,UPE - JUNIN,1,1318,600,718,305,144,161,398,205,193,615,251,364,,,,2025-09
2019,ENE - DIC,2020-01-14,ENT005,"DIRECCION GENERAL DE NIÑAS, NIÑOS Y ADOLESCENTE",LIN001,"ATENCION A NIÑAS, NIÑOS Y ADOLESCENTES EN PRESUNTO ESTADO DE ABANDONO",SER016,UNIDAD DE PROTECCIÓN ESPECIAL,140101,LAMBAYEQUE,CHICLAYO,CHICLAYO,UPE015,UPE LAMBAYEQUE,1,1774,802,972,415,211,204,473,243,230,886,348,538,,,,2025-09
2019,ENE - DIC,2020-01-14,ENT005,"DIRECCION GENERAL DE NIÑAS, NIÑOS Y ADOLESCENTE",LIN001,"ATENCION A NIÑAS, NIÑOS Y ADOLESCENTES EN PRESUNTO ESTADO DE ABANDONO",SER016,UNIDAD DE PROTECCIÓN ESPECIAL,150101,LIMA,LIMA,LIMA,SEDE01,UPE - LIMA,1,2679,1122,1557,614,286,328,861,405,456,1204,431,773,,,,2025-09
2019,ENE - DIC,2020-01-14,ENT005,"DIRECCION GENERAL DE NIÑAS, NIÑOS Y ADOLESCENTE",LIN001,"ATENCION A NIÑAS, NIÑOS Y ADOLESCENTES EN PRESUNTO ESTADO DE ABANDONO",SER016,UNIDAD DE PROTECCIÓN ESPECIAL,150103,LIMA,LIMA,ATE,UIT007,UPE - LIMA ESTE,1,3071,1359,1712,857,439,418,998,498,500,1216,422,794,,,,2025-09
2019,ENE - DIC,2020-01-14,ENT005,"DIRECCION GENERAL DE NIÑAS, NIÑOS Y ADOLESCENTE",LIN001,"ATENCION A NIÑAS, NIÑOS Y ADOLESCENTES EN PRESUNTO ESTADO DE ABANDONO",SER016,UNIDAD DE PROTECCIÓN ESPECIAL,150133,LIMA,LIMA,SAN JUAN DE MIRAFLORES,UPE016,UPE LIMA SUR,1,2563,1140,1423,632,327,305,826,407,419,1105,406,699,,,,2025-09
2019,ENE - DIC,2020-01-14,ENT005,"DIRECCION GENERAL DE NIÑAS, NIÑOS Y ADOLESCENTE",LIN001,"ATENCION A NIÑAS, NIÑOS Y ADOLESCENTES EN PRESUNTO ESTADO DE ABANDONO",SER016,UNIDAD DE PROTECCIÓN ESPECIAL,160101,LORETO,MAYNAS,IQUITOS,UPE009,UPE - LORETO,1,1367,485,882,314,155,159,341,138,203,712,192,520,,,,2025-09
2019,ENE - DIC,2020-01-14,ENT005,"DIRECCION GENERAL DE NIÑAS, NIÑOS Y ADOLESCENTE",LIN001,"ATENCION A NIÑAS, NIÑOS Y ADOLESCENTES EN PRESUNTO ESTADO DE ABANDONO",SER016,UNIDAD DE PROTECCIÓN ESPECIAL,170101,MADRE DE DIOS,TAMBOPATA,TAMBOPATA,UIT004,UPE - MADRE DE DIOS,1,816,358,458,243,128,115,252,126,126,321,104,217,,,,2025-09
2019,ENE - DIC,2020-01-14,ENT005,"DIRECCION GENERAL DE NIÑAS, NIÑOS Y ADOLESCENTE",LIN001,"ATENCION A NIÑAS, NIÑOS Y ADOLESCENTES EN PRESUNTO ESTADO DE ABANDONO",SER016,UNIDAD DE PROTECCIÓN ESPECIAL,200101,PIURA,PIURA,PIURA,UIT005,UPE - PIURA,1,1863,804,1059,392,198,194,615,300,315,856,306,550,,,,2025-09
2019,ENE - DIC,2020-01-14,ENT005,"DIRECCION GENERAL DE NIÑAS, NIÑOS Y ADOLESCENTE",LIN001,"ATENCION A NIÑAS, NIÑOS Y ADOLESCENTES EN PRESUNTO ESTADO DE ABANDONO",SER016,UNIDAD DE PROTECCIÓN ESPECIAL,230101,TACNA,TACNA,TACNA,UPE010,UPE - TACNA,1,831,400,431,161,76,85,256,130,126,414,194,220,,,,2025-09
2019,ENE - DIC,2020-01-14,ENT005,"DIRECCION GENERAL DE NIÑAS, NIÑOS Y ADOLESCENTE",LIN001,"ATENCION A NIÑAS, NIÑOS Y ADOLESCENTES EN PRESUNTO ESTADO DE ABANDONO",SER016,UNIDAD DE PROTECCIÓN ESPECIAL,240101,TUMBES,TUMBES,TUMBES,UPE011,UPE -TUMBES,1,906,456,450,176,74,102,228,114,114,502,268,234,,,,2025-09
2020,ENE - DIC,2021-01-15,ENT005,"DIRECCION GENERAL DE NIÑAS, NIÑOS Y ADOLESCENTE",LIN001,"ATENCION A NIÑAS, NIÑOS Y ADOLESCENTES EN PRESUNTO ESTADO DE ABANDONO",SER016,UNIDAD DE PROTECCIÓN ESPECIAL,010201,AMAZONAS,CHACHAPOYAS,CHACHAPOYAS,,UPE - AMAZONAS,1,1,0,1,0,,,0,,,1,,1,,,,2025-09
2020,ENE - DIC,2021-01-15,ENT005,"DIRECCION GENERAL DE NIÑAS, NIÑOS Y ADOLESCENTE",LIN001,"ATENCION A NIÑAS, NIÑOS Y ADOLESCENTES EN PRESUNTO ESTADO DE ABANDONO",SER016,UNIDAD DE PROTECCIÓN ESPECIAL,030101,APURÍMAC,ABANCAY,ABANCAY,UPE012,UPE APURIMAC,1,162,63,99,27,15,12,60,30,30,75,18,57,,,,2025-09
2020,ENE - DIC,2021-01-15,ENT005,"DIRECCION GENERAL DE NIÑAS, NIÑOS Y ADOLESCENTE",LIN001,"ATENCION A NIÑAS, NIÑOS Y ADOLESCENTES EN PRESUNTO ESTADO DE ABANDONO",SER016,UNIDAD DE PROTECCIÓN ESPECIAL,040101,AREQUIPA,AREQUIPA,AREQUIPA,UIT001,UPE - AREQUIPA,1,1378,572,806,392,194,198,494,235,259,492,143,349,,,,2025-09
2020,ENE - DIC,2021-01-15,ENT005,"DIRECCION GENERAL DE NIÑAS, NIÑOS Y ADOLESCENTE",LIN001,"ATENCION A NIÑAS, NIÑOS Y ADOLESCENTES EN PRESUNTO ESTADO DE ABANDONO",SER016,UNIDAD DE PROTECCIÓN ESPECIAL,050101,AYACUCHO,HUAMANGA,AYACUCHO,UPE013,UPE AYACUCHO,1,569,259,310,147,76,71,198,101,97,224,82,142,,,,2025-09
2020,ENE - DIC,2021-01-15,ENT005,"DIRECCION GENERAL DE NIÑAS, NIÑOS Y ADOLESCENTE",LIN001,"ATENCION A NIÑAS, NIÑOS Y ADOLESCENTES EN PRESUNTO ESTADO DE ABANDONO",SER016,UNIDAD DE PROTECCIÓN ESPECIAL,060101,CAJAMARCA,CAJAMARCA,CAJAMARCA,UPE008,UPE - CAJAMARCA,1,452,193,259,108,56,52,118,59,59,226,78,148,,,,2025-09
2020,ENE - DIC,2021-01-15,ENT005,"DIRECCION GENERAL DE NIÑAS, NIÑOS Y ADOLESCENTE",LIN001,"ATENCION A NIÑAS, NIÑOS Y ADOLESCENTES EN PRESUNTO ESTADO DE ABANDONO",SER016,UNIDAD DE PROTECCIÓN ESPECIAL,070101,CALLAO,CALLAO,CALLAO,UIT006,UPE - LIMA NORTE CALLAO,1,2976,1273,1703,912,473,439,1018,493,525,1046,307,739,,,,2025-09
2020,ENE - DIC,2021-01-15,ENT005,"DIRECCION GENERAL DE NIÑAS, NIÑOS Y ADOLESCENTE",LIN001,"ATENCION A NIÑAS, NIÑOS Y ADOLESCENTES EN PRESUNTO ESTADO DE ABANDONO",SER016,UNIDAD DE PROTECCIÓN ESPECIAL,080108,CUSCO,CUSCO,WANCHAQ,UIT002,UPE - CUSCO,1,750,340,410,175,95,80,226,112,114,349,133,216,,,,2025-09
2020,ENE - DIC,2021-01-15,ENT005,"DIRECCION GENERAL DE NIÑAS, NIÑOS Y ADOLESCENTE",LIN001,"ATENCION A NIÑAS, NIÑOS Y ADOLESCENTES EN PRESUNTO ESTADO DE ABANDONO",SER016,UNIDAD DE PROTECCIÓN ESPECIAL,100101,HUÁNUCO,HUÁNUCO,HUÁNUCO,UPE014,UPE HUANUCO,1,503,186,317,137,65,72,126,55,71,240,66,174,,,,2025-09
2020,ENE - DIC,2021-01-15,ENT005,"DIRECCION GENERAL DE NIÑAS, NIÑOS Y ADOLESCENTE",LIN001,"ATENCION A NIÑAS, NIÑOS Y ADOLESCENTES EN PRESUNTO ESTADO DE ABANDONO",SER016,UNIDAD DE PROTECCIÓN ESPECIAL,120114,JUNÍN,HUANCAYO,EL TAMBO,UIT003,UPE - JUNIN,1,689,292,397,183,89,94,209,98,111,297,105,192,,,,2025-09
2020,ENE - DIC,2021-01-15,ENT005,"DIRECCION GENERAL DE NIÑAS, NIÑOS Y ADOLESCENTE",LIN001,"ATENCION A NIÑAS, NIÑOS Y ADOLESCENTES EN PRESUNTO ESTADO DE ABANDONO",SER016,UNIDAD DE PROTECCIÓN ESPECIAL,140101,LAMBAYEQUE,CHICLAYO,CHICLAYO,UPE015,UPE LAMBAYEQUE,1,1034,441,593,258,132,126,356,176,180,420,133,287,,,,2025-09
2020,ENE - DIC,2021-01-15,ENT005,"DIRECCION GENERAL DE NIÑAS, NIÑOS Y ADOLESCENTE",LIN001,"ATENCION A NIÑAS, NIÑOS Y ADOLESCENTES EN PRESUNTO ESTADO DE ABANDONO",SER016,UNIDAD DE PROTECCIÓN ESPECIAL,150101,LIMA,LIMA,LIMA,SEDE01,UPE - LIMA,1,1934,766,1168,517,211,306,613,299,314,804,256,548,,,,2025-09
2020,ENE - DIC,2021-01-15,ENT005,"DIRECCION GENERAL DE NIÑAS, NIÑOS Y ADOLESCENTE",LIN001,"ATENCION A NIÑAS, NIÑOS Y ADOLESCENTES EN PRESUNTO ESTADO DE ABANDONO",SER016,UNIDAD DE PROTECCIÓN ESPECIAL,150103,LIMA,LIMA,ATE,UIT007,UPE - LIMA ESTE,1,1676,643,1033,422,201,221,530,241,289,724,201,523,,,,2025-09
2020,ENE - DIC,2021-01-15,ENT005,"DIRECCION GENERAL DE NIÑAS, NIÑOS Y ADOLESCENTE",LIN001,"ATENCION A NIÑAS, NIÑOS Y ADOLESCENTES EN PRESUNTO ESTADO DE ABANDONO",SER016,UNIDAD DE PROTECCIÓN ESPECIAL,150133,LIMA,LIMA,SAN JUAN DE MIRAFLORES,UPE016,UPE LIMA SUR,1,2085,863,1222,570,292,278,688,307,381,827,264,563,,,,2025-09
2020,ENE - DIC,2021-01-15,ENT005,"DIRECCION GENERAL DE NIÑAS, NIÑOS Y ADOLESCENTE",LIN001,"ATENCION A NIÑAS, NIÑOS Y ADOLESCENTES EN PRESUNTO ESTADO DE ABANDONO",SER016,UNIDAD DE PROTECCIÓN ESPECIAL,160101,LORETO,MAYNAS,IQUITOS,UPE009,UPE - LORETO,1,597,178,419,158,72,86,142,53,89,297,53,244,,,,2025-09
2020,ENE - DIC,2021-01-15,ENT005,"DIRECCION GENERAL DE NIÑAS, NIÑOS Y ADOLESCENTE",LIN001,"ATENCION A NIÑAS, NIÑOS Y ADOLESCENTES EN PRESUNTO ESTADO DE ABANDONO",SER016,UNIDAD DE PROTECCIÓN ESPECIAL,170101,MADRE DE DIOS,TAMBOPATA,TAMBOPATA,UIT004,UPE - MADRE DE DIOS,1,349,126,223,79,40,39,105,47,58,165,39,126,,,,2025-09
2020,ENE - DIC,2021-01-15,ENT005,"DIRECCION GENERAL DE NIÑAS, NIÑOS Y ADOLESCENTE",LIN001,"ATENCION A NIÑAS, NIÑOS Y ADOLESCENTES EN PRESUNTO ESTADO DE ABANDONO",SER016,UNIDAD DE PROTECCIÓN ESPECIAL,200101,PIURA,PIURA,PIURA,UIT005,UPE - PIURA,1,852,345,507,173,78,95,306,145,161,373,122,251,,,,2025-09
2020,ENE - DIC,2021-01-15,ENT005,"DIRECCION GENERAL DE NIÑAS, NIÑOS Y ADOLESCENTE",LIN001,"ATENCION A NIÑAS, NIÑOS Y ADOLESCENTES EN PRESUNTO ESTADO DE ABANDONO",SER016,UNIDAD DE PROTECCIÓN ESPECIAL,230101,TACNA,TACNA,TACNA,UPE010,UPE - TACNA,1,465,220,245,128,53,75,144,76,68,193,91,102,,,,2025-09
2020,ENE - DIC,2021-01-15,ENT005,"DIRECCION GENERAL DE NIÑAS, NIÑOS Y ADOLESCENTE",LIN001,"ATENCION A NIÑAS, NIÑOS Y ADOLESCENTES EN PRESUNTO ESTADO DE ABANDONO",SER016,UNIDAD DE PROTECCIÓN ESPECIAL,240101,TUMBES,TUMBES,TUMBES,UPE011,UPE -TUMBES,1,367,172,195,67,29,38,100,57,43,200,86,114,,,,2025-09
2021,ENE - DIC,2022-01-15,ENT005,"DIRECCION GENERAL DE NIÑAS, NIÑOS Y ADOLESCENTE",LIN001,"ATENCION A NIÑAS, NIÑOS Y ADOLESCENTES EN PRESUNTO ESTADO DE ABANDONO",SER016,UNIDAD DE PROTECCIÓN ESPECIAL,150101,LIMA,LIMA,LIMA,SEDE01,UPE - LIMA,1,2214,889,1325,483,244,239,726,339,387,1005,306,699,,,,2025-09
2021,ENE - DIC,2022-01-15,ENT005,"DIRECCION GENERAL DE NIÑAS, NIÑOS Y ADOLESCENTE",LIN001,"ATENCION A NIÑAS, NIÑOS Y ADOLESCENTES EN PRESUNTO ESTADO DE ABANDONO",SER016,UNIDAD DE PROTECCIÓN ESPECIAL,070101,CALLAO,CALLAO,CALLAO,UIT006,UPE - LIMA NORTE CALLAO,1,4058,1676,2382,1007,502,505,1332,655,677,1719,519,1200,,,,2025-09
2021,ENE - DIC,2022-01-15,ENT005,"DIRECCION GENERAL DE NIÑAS, NIÑOS Y ADOLESCENTE",LIN001,"ATENCION A NIÑAS, NIÑOS Y ADOLESCENTES EN PRESUNTO ESTADO DE ABANDONO",SER016,UNIDAD DE PROTECCIÓN ESPECIAL,150103,LIMA,LIMA,ATE,UIT007,UPE - LIMA ESTE,1,2468,935,1533,580,256,324,825,385,440,1063,294,769,,,,2025-09
2021,ENE - DIC,2022-01-15,ENT005,"DIRECCION GENERAL DE NIÑAS, NIÑOS Y ADOLESCENTE",LIN001,"ATENCION A NIÑAS, NIÑOS Y ADOLESCENTES EN PRESUNTO ESTADO DE ABANDONO",SER016,UNIDAD DE PROTECCIÓN ESPECIAL,040101,AREQUIPA,AREQUIPA,AREQUIPA,UIT001,UPE - AREQUIPA,1,1547,584,963,353,167,186,475,222,253,719,195,524,,,,2025-09
2021,ENE - DIC,2022-01-15,ENT005,"DIRECCION GENERAL DE NIÑAS, NIÑOS Y ADOLESCENTE",LIN001,"ATENCION A NIÑAS, NIÑOS Y ADOLESCENTES EN PRESUNTO ESTADO DE ABANDONO",SER016,UNIDAD DE PROTECCIÓN ESPECIAL,060101,CAJAMARCA,CAJAMARCA,CAJAMARCA,UPE008,UPE - CAJAMARCA,1,717,292,425,123,64,59,175,99,76,419,129,290,,,,2025-09
2021,ENE - DIC,2022-01-15,ENT005,"DIRECCION GENERAL DE NIÑAS, NIÑOS Y ADOLESCENTE",LIN001,"ATENCION A NIÑAS, NIÑOS Y ADOLESCENTES EN PRESUNTO ESTADO DE ABANDONO",SER016,UNIDAD DE PROTECCIÓN ESPECIAL,080108,CUSCO,CUSCO,WANCHAQ,UIT002,UPE - CUSCO,1,1227,499,728,281,162,119,355,166,189,591,171,420,,,,2025-09
2021,ENE - DIC,2022-01-15,ENT005,"DIRECCION GENERAL DE NIÑAS, NIÑOS Y ADOLESCENTE",LIN001,"ATENCION A NIÑAS, NIÑOS Y ADOLESCENTES EN PRESUNTO ESTADO DE ABANDONO",SER016,UNIDAD DE PROTECCIÓN ESPECIAL,120114,JUNÍN,HUANCAYO,EL TAMBO,UIT003,UPE - JUNÍN,1,1021,455,566,240,122,118,294,153,141,487,180,307,,,,2025-09
2021,ENE - DIC,2022-01-15,ENT005,"DIRECCION GENERAL DE NIÑAS, NIÑOS Y ADOLESCENTE",LIN001,"ATENCION A NIÑAS, NIÑOS Y ADOLESCENTES EN PRESUNTO ESTADO DE ABANDONO",SER016,UNIDAD DE PROTECCIÓN ESPECIAL,170101,MADRE DE DIOS,TAMBOPATA,TAMBOPATA,UIT004,UPE - MADRE DE DIOS,1,373,114,259,71,37,34,104,36,68,198,41,157,,,,2025-09
2021,ENE - DIC,2022-01-15,ENT005,"DIRECCION GENERAL DE NIÑAS, NIÑOS Y ADOLESCENTE",LIN001,"ATENCION A NIÑAS, NIÑOS Y ADOLESCENTES EN PRESUNTO ESTADO DE ABANDONO",SER016,UNIDAD DE PROTECCIÓN ESPECIAL,200101,PIURA,PIURA,PIURA,UIT005,UPE - PIURA,1,1163,428,735,210,102,108,412,181,231,541,145,396,,,,2025-09
2021,ENE - DIC,2022-01-15,ENT005,"DIRECCION GENERAL DE NIÑAS, NIÑOS Y ADOLESCENTE",LIN001,"ATENCION A NIÑAS, NIÑOS Y ADOLESCENTES EN PRESUNTO ESTADO DE ABANDONO",SER016,UNIDAD DE PROTECCIÓN ESPECIAL,160101,LORETO,MAYNAS,IQUITOS,UPE009,UPE - LORETO,1,596,201,395,79,42,37,176,61,115,341,98,243,,,,2025-09
2021,ENE - DIC,2022-01-15,ENT005,"DIRECCION GENERAL DE NIÑAS, NIÑOS Y ADOLESCENTE",LIN001,"ATENCION A NIÑAS, NIÑOS Y ADOLESCENTES EN PRESUNTO ESTADO DE ABANDONO",SER016,UNIDAD DE PROTECCIÓN ESPECIAL,230101,TACNA,TACNA,TACNA,UPE010,UPE - TACNA,1,730,289,441,140,68,72,234,99,135,356,122,234,,,,2025-09
2021,ENE - DIC,2022-01-15,ENT005,"DIRECCION GENERAL DE NIÑAS, NIÑOS Y ADOLESCENTE",LIN001,"ATENCION A NIÑAS, NIÑOS Y ADOLESCENTES EN PRESUNTO ESTADO DE ABANDONO",SER016,UNIDAD DE PROTECCIÓN ESPECIAL,240101,TUMBES,TUMBES,TUMBES,UPE011,UPE -TUMBES,1,478,215,263,90,41,49,135,69,66,253,105,148,,,,2025-09
2021,ENE - DIC,2022-01-15,ENT005,"DIRECCION GENERAL DE NIÑAS, NIÑOS Y ADOLESCENTE",LIN001,"ATENCION A NIÑAS, NIÑOS Y ADOLESCENTES EN PRESUNTO ESTADO DE ABANDONO",SER016,UNIDAD DE PROTECCIÓN ESPECIAL,030101,APURÍMAC,ABANCAY,ABANCAY,UPE012,UPE APURÍMAC,1,204,75,129,32,16,16,55,24,31,117,35,82,,,,2025-09
2021,ENE - DIC,2022-01-15,ENT005,"DIRECCION GENERAL DE NIÑAS, NIÑOS Y ADOLESCENTE",LIN001,"ATENCION A NIÑAS, NIÑOS Y ADOLESCENTES EN PRESUNTO ESTADO DE ABANDONO",SER016,UNIDAD DE PROTECCIÓN ESPECIAL,050101,AYACUCHO,HUAMANGA,AYACUCHO,UPE013,UPE AYACUCHO,1,678,281,397,128,67,61,167,68,99,383,146,237,,,,2025-09
2021,ENE - DIC,2022-01-15,ENT005,"DIRECCION GENERAL DE NIÑAS, NIÑOS Y ADOLESCENTE",LIN001,"ATENCION A NIÑAS, NIÑOS Y ADOLESCENTES EN PRESUNTO ESTADO DE ABANDONO",SER016,UNIDAD DE PROTECCIÓN ESPECIAL,100101,HUÁNUCO,HUÁNUCO,HUÁNUCO,UPE014,UPE HUÁNUCO,1,894,321,573,163,83,80,204,101,103,527,137,390,,,,2025-09
2021,ENE - DIC,2022-01-15,ENT005,"DIRECCION GENERAL DE NIÑAS, NIÑOS Y ADOLESCENTE",LIN001,"ATENCION A NIÑAS, NIÑOS Y ADOLESCENTES EN PRESUNTO ESTADO DE ABANDONO",SER016,UNIDAD DE PROTECCIÓN ESPECIAL,140101,LAMBAYEQUE,CHICLAYO,CHICLAYO,UPE015,UPE LAMBAYEQUE,1,1185,508,677,256,132,124,407,218,189,522,158,364,,,,2025-09
2021,ENE - DIC,2022-01-15,ENT005,"DIRECCION GENERAL DE NIÑAS, NIÑOS Y ADOLESCENTE",LIN001,"ATENCION A NIÑAS, NIÑOS Y ADOLESCENTES EN PRESUNTO ESTADO DE ABANDONO",SER016,UNIDAD DE PROTECCIÓN ESPECIAL,150133,LIMA,LIMA,SAN JUAN DE MIRAFLORES,UPE016,UPE LIMA SUR,1,2517,1009,1508,552,264,288,856,402,454,1109,343,766,,,,2025-09
2021,ENE - DIC,2022-01-15,ENT005,"DIRECCION GENERAL DE NIÑAS, NIÑOS Y ADOLESCENTE",LIN001,"ATENCION A NIÑAS, NIÑOS Y ADOLESCENTES EN PRESUNTO ESTADO DE ABANDONO",SER016,UNIDAD DE PROTECCIÓN ESPECIAL,210101,PUNO,PUNO,PUNO,UPE017,UPE PUNO,1,418,179,239,89,55,34,99,48,51,230,76,154,,,,2025-09
2021,ENE - DIC,2022-01-15,ENT005,"DIRECCION GENERAL DE NIÑAS, NIÑOS Y ADOLESCENTE",LIN001,"ATENCION A NIÑAS, NIÑOS Y ADOLESCENTES EN PRESUNTO ESTADO DE ABANDONO",SER016,UNIDAD DE PROTECCIÓN ESPECIAL,250101,UCAYALI,CORONEL PORTILLO,CALLERÍA,UPE018,UPE UCAYALI,1,382,153,229,83,47,36,104,51,53,195,55,140,,,,2025-09
2021,ENE - DIC,2022-01-15,ENT005,"DIRECCION GENERAL DE NIÑAS, NIÑOS Y ADOLESCENTE",LIN001,"ATENCION A NIÑAS, NIÑOS Y ADOLESCENTES EN PRESUNTO ESTADO DE ABANDONO",SER016,UNIDAD DE PROTECCIÓN ESPECIAL,010101,AMAZONAS,CHACHAPOYAS,CHACHAPOYAS,UPE019,UPE AMAZONAS,1,299,112,187,63,30,33,85,38,47,151,44,107,,,,2025-09
2021,ENE - DIC,2022-01-15,ENT005,"DIRECCION GENERAL DE NIÑAS, NIÑOS Y ADOLESCENTE",LIN001,"ATENCION A NIÑAS, NIÑOS Y ADOLESCENTES EN PRESUNTO ESTADO DE ABANDONO",SER016,UNIDAD DE PROTECCIÓN ESPECIAL,020101,ÁNCASH,HUARAZ,HUARAZ,UPE020,UPE ANCASH,1,553,268,285,120,68,52,145,85,60,288,115,173,,,,2025-09
2021,ENE - DIC,2022-01-15,ENT005,"DIRECCION GENERAL DE NIÑAS, NIÑOS Y ADOLESCENTE",LIN001,"ATENCION A NIÑAS, NIÑOS Y ADOLESCENTES EN PRESUNTO ESTADO DE ABANDONO",SER016,UNIDAD DE PROTECCIÓN ESPECIAL,110101,ICA,ICA,ICA,UPE021,UPE ICA,1,938,389,549,205,112,93,305,152,153,428,125,303,,,,2025-09
2021,ENE - DIC,2022-01-15,ENT005,"DIRECCION GENERAL DE NIÑAS, NIÑOS Y ADOLESCENTE",LIN001,"ATENCION A NIÑAS, NIÑOS Y ADOLESCENTES EN PRESUNTO ESTADO DE ABANDONO",SER016,UNIDAD DE PROTECCIÓN ESPECIAL,130101,LA LIBERTAD,TRUJILLO,TRUJILLO,UPE022,UPE LA LIBERTAD,1,1048,439,609,259,123,136,345,170,175,444,146,298,,,,2025-09
2021,ENE - DIC,2022-01-15,ENT005,"DIRECCION GENERAL DE NIÑAS, NIÑOS Y ADOLESCENTE",LIN001,"ATENCION A NIÑAS, NIÑOS Y ADOLESCENTES EN PRESUNTO ESTADO DE ABANDONO",SER016,UNIDAD DE PROTECCIÓN ESPECIAL,180101,MOQUEGUA,MARISCAL NIETO,MOQUEGUA,UPE023,UPE MOQUEGUA,1,550,227,323,112,54,58,167,77,90,271,96,175,,,,2025-09
2021,ENE - DIC,2022-01-15,ENT005,"DIRECCION GENERAL DE NIÑAS, NIÑOS Y ADOLESCENTE",LIN001,"ATENCION A NIÑAS, NIÑOS Y ADOLESCENTES EN PRESUNTO ESTADO DE ABANDONO",SER016,UNIDAD DE PROTECCIÓN ESPECIAL,090101,HUANCAVELICA,HUANCAVELICA,HUANCAVELICA,UPE024,UPE HUANCAVELICA,1,687,326,361,129,63,66,181,92,89,377,171,206,,,,2025-09
2022,ENE - DIC,2023-01-15,ENT005,"DIRECCION GENERAL DE NIÑAS, NIÑOS Y ADOLESCENTE",LIN001,"ATENCION A NIÑAS, NIÑOS Y ADOLESCENTES EN PRESUNTO ESTADO DE ABANDONO",SER016,UNIDAD DE PROTECCIÓN ESPECIAL,150101,LIMA,LIMA,LIMA,SEDE01,UPE - LIMA,1,2546,1025,1521,539,289,250,843,368,475,1164,368,796,0,,,2025-09
2022,ENE - DIC,2023-01-15,ENT005,"DIRECCION GENERAL DE NIÑAS, NIÑOS Y ADOLESCENTE",LIN001,"ATENCION A NIÑAS, NIÑOS Y ADOLESCENTES EN PRESUNTO ESTADO DE ABANDONO",SER016,UNIDAD DE PROTECCIÓN ESPECIAL,070101,CALLAO,CALLAO,CALLAO,UIT006,UPE - LIMA NORTE CALLAO,1,4284,1708,2576,1021,521,500,1367,625,742,1880,559,1321,16,3,13,2025-09
2022,ENE - DIC,2023-01-15,ENT005,"DIRECCION GENERAL DE NIÑAS, NIÑOS Y ADOLESCENTE",LIN001,"ATENCION A NIÑAS, NIÑOS Y ADOLESCENTES EN PRESUNTO ESTADO DE ABANDONO",SER016,UNIDAD DE PROTECCIÓN ESPECIAL,150103,LIMA,LIMA,ATE,UIT007,UPE - LIMA ESTE,1,2743,1084,1659,642,331,311,871,395,476,1221,353,868,9,5,4,2025-09
2022,ENE - DIC,2023-01-15,ENT005,"DIRECCION GENERAL DE NIÑAS, NIÑOS Y ADOLESCENTE",LIN001,"ATENCION A NIÑAS, NIÑOS Y ADOLESCENTES EN PRESUNTO ESTADO DE ABANDONO",SER016,UNIDAD DE PROTECCIÓN ESPECIAL,040101,AREQUIPA,AREQUIPA,AREQUIPA,UIT001,UPE - AREQUIPA,1,1744,641,1103,397,201,196,570,233,337,777,207,570,0,,,2025-09
2022,ENE - DIC,2023-01-15,ENT005,"DIRECCION GENERAL DE NIÑAS, NIÑOS Y ADOLESCENTE",LIN001,"ATENCION A NIÑAS, NIÑOS Y ADOLESCENTES EN PRESUNTO ESTADO DE ABANDONO",SER016,UNIDAD DE PROTECCIÓN ESPECIAL,060101,CAJAMARCA,CAJAMARCA,CAJAMARCA,UPE008,UPE - CAJAMARCA,1,628,229,399,106,54,52,150,76,74,358,96,262,14,3,11,2025-09
2022,ENE - DIC,2023-01-15,ENT005,"DIRECCION GENERAL DE NIÑAS, NIÑOS Y ADOLESCENTE",LIN001,"ATENCION A NIÑAS, NIÑOS Y ADOLESCENTES EN PRESUNTO ESTADO DE ABANDONO",SER016,UNIDAD DE PROTECCIÓN ESPECIAL,080108,CUSCO,CUSCO,WANCHAQ,UIT002,UPE - CUSCO,1,1149,478,671,267,135,132,339,168,171,533,171,362,10,4,6,2025-09
2022,ENE - DIC,2023-01-15,ENT005,"DIRECCION GENERAL DE NIÑAS, NIÑOS Y ADOLESCENTE",LIN001,"ATENCION A NIÑAS, NIÑOS Y ADOLESCENTES EN PRESUNTO ESTADO DE ABANDONO",SER016,UNIDAD DE PROTECCIÓN ESPECIAL,120114,JUNÍN,HUANCAYO,EL TAMBO,UIT003,UPE - JUNÍN,1,1007,433,574,234,125,109,346,172,174,427,136,291,0,,,2025-09
2022,ENE - DIC,2023-01-15,ENT005,"DIRECCION GENERAL DE NIÑAS, NIÑOS Y ADOLESCENTE",LIN001,"ATENCION A NIÑAS, NIÑOS Y ADOLESCENTES EN PRESUNTO ESTADO DE ABANDONO",SER016,UNIDAD DE PROTECCIÓN ESPECIAL,170101,MADRE DE DIOS,TAMBOPATA,TAMBOPATA,UIT004,UPE - MADRE DE DIOS,1,467,173,294,108,63,45,128,57,71,230,53,177,1,,1,2025-09
2022,ENE - DIC,2023-01-15,ENT005,"DIRECCION GENERAL DE NIÑAS, NIÑOS Y ADOLESCENTE",LIN001,"ATENCION A NIÑAS, NIÑOS Y ADOLESCENTES EN PRESUNTO ESTADO DE ABANDONO",SER016,UNIDAD DE PROTECCIÓN ESPECIAL,200101,PIURA,PIURA,PIURA,UIT005,UPE - PIURA,1,1317,524,793,276,130,146,446,221,225,591,171,420,4,2,2,2025-09
2022,ENE - DIC,2023-01-15,ENT005,"DIRECCION GENERAL DE NIÑAS, NIÑOS Y ADOLESCENTE",LIN001,"ATENCION A NIÑAS, NIÑOS Y ADOLESCENTES EN PRESUNTO ESTADO DE ABANDONO",SER016,UNIDAD DE PROTECCIÓN ESPECIAL,160101,LORETO,MAYNAS,IQUITOS,UPE009,UPE - LORETO,1,763,240,523,131,64,67,258,93,165,364,78,286,10,5,5,2025-09
2022,ENE - DIC,2023-01-15,ENT005,"DIRECCION GENERAL DE NIÑAS, NIÑOS Y ADOLESCENTE",LIN001,"ATENCION A NIÑAS, NIÑOS Y ADOLESCENTES EN PRESUNTO ESTADO DE ABANDONO",SER016,UNIDAD DE PROTECCIÓN ESPECIAL,230101,TACNA,TACNA,TACNA,UPE010,UPE - TACNA,1,687,266,421,143,62,81,199,97,102,345,107,238,0,,,2025-09
2022,ENE - DIC,2023-01-15,ENT005,"DIRECCION GENERAL DE NIÑAS, NIÑOS Y ADOLESCENTE",LIN001,"ATENCION A NIÑAS, NIÑOS Y ADOLESCENTES EN PRESUNTO ESTADO DE ABANDONO",SER016,UNIDAD DE PROTECCIÓN ESPECIAL,240101,TUMBES,TUMBES,TUMBES,UPE011,UPE -TUMBES,1,1123,590,533,133,71,62,236,119,117,737,392,345,17,8,9,2025-09
2022,ENE - DIC,2023-01-15,ENT005,"DIRECCION GENERAL DE NIÑAS, NIÑOS Y ADOLESCENTE",LIN001,"ATENCION A NIÑAS, NIÑOS Y ADOLESCENTES EN PRESUNTO ESTADO DE ABANDONO",SER016,UNIDAD DE PROTECCIÓN ESPECIAL,030101,APURÍMAC,ABANCAY,ABANCAY,UPE012,UPE APURÍMAC,1,179,70,109,32,17,15,61,29,32,86,24,62,0,,,2025-09
2022,ENE - DIC,2023-01-15,ENT005,"DIRECCION GENERAL DE NIÑAS, NIÑOS Y ADOLESCENTE",LIN001,"ATENCION A NIÑAS, NIÑOS Y ADOLESCENTES EN PRESUNTO ESTADO DE ABANDONO",SER016,UNIDAD DE PROTECCIÓN ESPECIAL,050101,AYACUCHO,HUAMANGA,AYACUCHO,UPE013,UPE AYACUCHO,1,524,212,312,103,60,43,151,66,85,270,86,184,0,,,2025-09
2022,ENE - DIC,2023-01-15,ENT005,"DIRECCION GENERAL DE NIÑAS, NIÑOS Y ADOLESCENTE",LIN001,"ATENCION A NIÑAS, NIÑOS Y ADOLESCENTES EN PRESUNTO ESTADO DE ABANDONO",SER016,UNIDAD DE PROTECCIÓN ESPECIAL,100101,HUÁNUCO,HUÁNUCO,HUÁNUCO,UPE014,UPE HUÁNUCO,1,931,308,623,176,90,86,268,111,157,482,106,376,5,1,4,2025-09
2022,ENE - DIC,2023-01-15,ENT005,"DIRECCION GENERAL DE NIÑAS, NIÑOS Y ADOLESCENTE",LIN001,"ATENCION A NIÑAS, NIÑOS Y ADOLESCENTES EN PRESUNTO ESTADO DE ABANDONO",SER016,UNIDAD DE PROTECCIÓN ESPECIAL,140101,LAMBAYEQUE,CHICLAYO,CHICLAYO,UPE015,UPE LAMBAYEQUE,1,1235,557,678,315,179,136,410,216,194,509,161,348,1,1,,2025-09
2022,ENE - DIC,2023-01-15,ENT005,"DIRECCION GENERAL DE NIÑAS, NIÑOS Y ADOLESCENTE",LIN001,"ATENCION A NIÑAS, NIÑOS Y ADOLESCENTES EN PRESUNTO ESTADO DE ABANDONO",SER016,UNIDAD DE PROTECCIÓN ESPECIAL,150133,LIMA,LIMA,SAN JUAN DE MIRAFLORES,UPE016,UPE LIMA SUR,1,2395,963,1432,547,291,256,753,347,406,1094,325,769,1,,1,2025-09
2022,ENE - DIC,2023-01-15,ENT005,"DIRECCION GENERAL DE NIÑAS, NIÑOS Y ADOLESCENTE",LIN001,"ATENCION A NIÑAS, NIÑOS Y ADOLESCENTES EN PRESUNTO ESTADO DE ABANDONO",SER016,UNIDAD DE PROTECCIÓN ESPECIAL,210101,PUNO,PUNO,PUNO,UPE017,UPE PUNO,1,423,158,265,85,36,49,109,55,54,229,67,162,0,,,2025-09
2022,ENE - DIC,2023-01-15,ENT005,"DIRECCION GENERAL DE NIÑAS, NIÑOS Y ADOLESCENTE",LIN001,"ATENCION A NIÑAS, NIÑOS Y ADOLESCENTES EN PRESUNTO ESTADO DE ABANDONO",SER016,UNIDAD DE PROTECCIÓN ESPECIAL,250101,UCAYALI,CORONEL PORTILLO,CALLERÍA,UPE018,UPE UCAYALI,1,538,196,342,130,62,68,166,87,79,241,47,194,1,,1,2025-09
2022,ENE - DIC,2023-01-15,ENT005,"DIRECCION GENERAL DE NIÑAS, NIÑOS Y ADOLESCENTE",LIN001,"ATENCION A NIÑAS, NIÑOS Y ADOLESCENTES EN PRESUNTO ESTADO DE ABANDONO",SER016,UNIDAD DE PROTECCIÓN ESPECIAL,010101,AMAZONAS,CHACHAPOYAS,CHACHAPOYAS,UPE019,UPE AMAZONAS,1,487,206,281,119,62,57,129,70,59,238,74,164,1,,1,2025-09
2022,ENE - DIC,2023-01-15,ENT005,"DIRECCION GENERAL DE NIÑAS, NIÑOS Y ADOLESCENTE",LIN001,"ATENCION A NIÑAS, NIÑOS Y ADOLESCENTES EN PRESUNTO ESTADO DE ABANDONO",SER016,UNIDAD DE PROTECCIÓN ESPECIAL,020101,ÁNCASH,HUARAZ,HUARAZ,UPE020,UPE ANCASH,1,513,196,317,112,56,56,123,57,66,276,83,193,2,,2,2025-09
2022,ENE - DIC,2023-01-15,ENT005,"DIRECCION GENERAL DE NIÑAS, NIÑOS Y ADOLESCENTE",LIN001,"ATENCION A NIÑAS, NIÑOS Y ADOLESCENTES EN PRESUNTO ESTADO DE ABANDONO",SER016,UNIDAD DE PROTECCIÓN ESPECIAL,110101,ICA,ICA,ICA,UPE021,UPE ICA,1,707,275,432,147,78,69,216,93,123,342,104,238,2,,2,2025-09
2022,ENE - DIC,2023-01-15,ENT005,"DIRECCION GENERAL DE NIÑAS, NIÑOS Y ADOLESCENTE",LIN001,"ATENCION A NIÑAS, NIÑOS Y ADOLESCENTES EN PRESUNTO ESTADO DE ABANDONO",SER016,UNIDAD DE PROTECCIÓN ESPECIAL,130101,LA LIBERTAD,TRUJILLO,TRUJILLO,UPE022,UPE LA LIBERTAD,1,976,409,567,248,126,122,306,153,153,422,130,292,0,,,2025-09
2022,ENE - DIC,2023-01-15,ENT005,"DIRECCION GENERAL DE NIÑAS, NIÑOS Y ADOLESCENTE",LIN001,"ATENCION A NIÑAS, NIÑOS Y ADOLESCENTES EN PRESUNTO ESTADO DE ABANDONO",SER016,UNIDAD DE PROTECCIÓN ESPECIAL,180101,MOQUEGUA,MARISCAL NIETO,MOQUEGUA,UPE023,UPE MOQUEGUA,1,471,190,281,115,52,63,143,80,63,210,57,153,3,1,2,2025-09
2022,ENE - DIC,2023-01-15,ENT005,"DIRECCION GENERAL DE NIÑAS, NIÑOS Y ADOLESCENTE",LIN001,"ATENCION A NIÑAS, NIÑOS Y ADOLESCENTES EN PRESUNTO ESTADO DE ABANDONO",SER016,UNIDAD DE PROTECCIÓN ESPECIAL,090101,HUANCAVELICA,HUANCAVELICA,HUANCAVELICA,UPE024,UPE HUANCAVELICA,1,561,232,329,90,46,44,195,92,103,276,94,182,0,,,2025-09
2023,ENE - DIC,2024-01-15,ENT005,"DIRECCION GENERAL DE NIÑAS, NIÑOS Y ADOLESCENTE",LIN001,"ATENCION A NIÑAS, NIÑOS Y ADOLESCENTES EN PRESUNTO ESTADO DE ABANDONO",SER016,UNIDAD DE PROTECCIÓN ESPECIAL,150101,LIMA,LIMA,LIMA,SEDE01,UPE - LIMA,1,2635,1111,1524,631,333,298,819,404,415,1184,374,810,1,,1,2025-09
2023,ENE - DIC,2024-01-15,ENT005,"DIRECCION GENERAL DE NIÑAS, NIÑOS Y ADOLESCENTE",LIN001,"ATENCION A NIÑAS, NIÑOS Y ADOLESCENTES EN PRESUNTO ESTADO DE ABANDONO",SER016,UNIDAD DE PROTECCIÓN ESPECIAL,070101,CALLAO,CALLAO,CALLAO,UIT006,UPE - LIMA NORTE CALLAO,1,3818,1574,2244,907,460,447,1188,594,594,1719,517,1202,4,3,1,2025-09
2023,ENE - DIC,2024-01-15,ENT005,"DIRECCION GENERAL DE NIÑAS, NIÑOS Y ADOLESCENTE",LIN001,"ATENCION A NIÑAS, NIÑOS Y ADOLESCENTES EN PRESUNTO ESTADO DE ABANDONO",SER016,UNIDAD DE PROTECCIÓN ESPECIAL,150103,LIMA,LIMA,ATE,UIT007,UPE - LIMA ESTE,1,2759,1100,1659,652,323,329,893,423,470,1213,354,859,1,,1,2025-09
2023,ENE - DIC,2024-01-15,ENT005,"DIRECCION GENERAL DE NIÑAS, NIÑOS Y ADOLESCENTE",LIN001,"ATENCION A NIÑAS, NIÑOS Y ADOLESCENTES EN PRESUNTO ESTADO DE ABANDONO",SER016,UNIDAD DE PROTECCIÓN ESPECIAL,040101,AREQUIPA,AREQUIPA,AREQUIPA,UIT001,UPE - AREQUIPA,1,2119,850,1269,517,274,243,719,334,385,883,242,641,0,,,2025-09
2023,ENE - DIC,2024-01-15,ENT005,"DIRECCION GENERAL DE NIÑAS, NIÑOS Y ADOLESCENTE",LIN001,"ATENCION A NIÑAS, NIÑOS Y ADOLESCENTES EN PRESUNTO ESTADO DE ABANDONO",SER016,UNIDAD DE PROTECCIÓN ESPECIAL,060101,CAJAMARCA,CAJAMARCA,CAJAMARCA,UPE008,UPE - CAJAMARCA,1,653,214,439,113,53,60,177,72,105,358,87,271,5,2,3,2025-09
2023,ENE - DIC,2024-01-15,ENT005,"DIRECCION GENERAL DE NIÑAS, NIÑOS Y ADOLESCENTE",LIN001,"ATENCION A NIÑAS, NIÑOS Y ADOLESCENTES EN PRESUNTO ESTADO DE ABANDONO",SER016,UNIDAD DE PROTECCIÓN ESPECIAL,080108,CUSCO,CUSCO,WANCHAQ,UIT002,UPE - CUSCO,1,1439,565,874,358,174,184,413,211,202,664,178,486,4,2,2,2025-09
2023,ENE - DIC,2024-01-15,ENT005,"DIRECCION GENERAL DE NIÑAS, NIÑOS Y ADOLESCENTE",LIN001,"ATENCION A NIÑAS, NIÑOS Y ADOLESCENTES EN PRESUNTO ESTADO DE ABANDONO",SER016,UNIDAD DE PROTECCIÓN ESPECIAL,120114,JUNÍN,HUANCAYO,EL TAMBO,UIT003,UPE - JUNÍN,1,893,371,522,250,109,141,285,142,143,358,120,238,0,,,2025-09
2023,ENE - DIC,2024-01-15,ENT005,"DIRECCION GENERAL DE NIÑAS, NIÑOS Y ADOLESCENTE",LIN001,"ATENCION A NIÑAS, NIÑOS Y ADOLESCENTES EN PRESUNTO ESTADO DE ABANDONO",SER016,UNIDAD DE PROTECCIÓN ESPECIAL,170101,MADRE DE DIOS,TAMBOPATA,TAMBOPATA,UIT004,UPE - MADRE DE DIOS,1,479,168,311,84,51,33,148,58,90,246,58,188,1,1,,2025-09
2023,ENE - DIC,2024-01-15,ENT005,"DIRECCION GENERAL DE NIÑAS, NIÑOS Y ADOLESCENTE",LIN001,"ATENCION A NIÑAS, NIÑOS Y ADOLESCENTES EN PRESUNTO ESTADO DE ABANDONO",SER016,UNIDAD DE PROTECCIÓN ESPECIAL,200101,PIURA,PIURA,PIURA,UIT005,UPE - PIURA,1,1569,692,877,363,194,169,543,268,275,658,227,431,5,3,2,2025-09
2023,ENE - DIC,2024-01-15,ENT005,"DIRECCION GENERAL DE NIÑAS, NIÑOS Y ADOLESCENTE",LIN001,"ATENCION A NIÑAS, NIÑOS Y ADOLESCENTES EN PRESUNTO ESTADO DE ABANDONO",SER016,UNIDAD DE PROTECCIÓN ESPECIAL,160101,LORETO,MAYNAS,IQUITOS,UPE009,UPE - LORETO,1,541,216,325,114,61,53,195,90,105,231,65,166,1,,1,2025-09
2023,ENE - DIC,2024-01-15,ENT005,"DIRECCION GENERAL DE NIÑAS, NIÑOS Y ADOLESCENTE",LIN001,"ATENCION A NIÑAS, NIÑOS Y ADOLESCENTES EN PRESUNTO ESTADO DE ABANDONO",SER016,UNIDAD DE PROTECCIÓN ESPECIAL,230101,TACNA,TACNA,TACNA,UPE010,UPE - TACNA,1,632,262,370,164,79,85,201,98,103,266,84,182,1,1,,2025-09
2023,ENE - DIC,2024-01-15,ENT005,"DIRECCION GENERAL DE NIÑAS, NIÑOS Y ADOLESCENTE",LIN001,"ATENCION A NIÑAS, NIÑOS Y ADOLESCENTES EN PRESUNTO ESTADO DE ABANDONO",SER016,UNIDAD DE PROTECCIÓN ESPECIAL,240101,TUMBES,TUMBES,TUMBES,UPE011,UPE -TUMBES,1,934,460,474,129,70,59,226,123,103,573,262,311,6,5,1,2025-09
2023,ENE - DIC,2024-01-15,ENT005,"DIRECCION GENERAL DE NIÑAS, NIÑOS Y ADOLESCENTE",LIN001,"ATENCION A NIÑAS, NIÑOS Y ADOLESCENTES EN PRESUNTO ESTADO DE ABANDONO",SER016,UNIDAD DE PROTECCIÓN ESPECIAL,030101,APURÍMAC,ABANCAY,ABANCAY,UPE012,UPE APURÍMAC,1,191,69,122,52,22,30,59,24,35,80,23,57,0,,,2025-09
2023,ENE - DIC,2024-01-15,ENT005,"DIRECCION GENERAL DE NIÑAS, NIÑOS Y ADOLESCENTE",LIN001,"ATENCION A NIÑAS, NIÑOS Y ADOLESCENTES EN PRESUNTO ESTADO DE ABANDONO",SER016,UNIDAD DE PROTECCIÓN ESPECIAL,050101,AYACUCHO,HUAMANGA,AYACUCHO,UPE013,UPE AYACUCHO,1,627,242,385,136,76,60,190,84,106,301,82,219,0,,,2025-09
2023,ENE - DIC,2024-01-15,ENT005,"DIRECCION GENERAL DE NIÑAS, NIÑOS Y ADOLESCENTE",LIN001,"ATENCION A NIÑAS, NIÑOS Y ADOLESCENTES EN PRESUNTO ESTADO DE ABANDONO",SER016,UNIDAD DE PROTECCIÓN ESPECIAL,100101,HUÁNUCO,HUÁNUCO,HUÁNUCO,UPE014,UPE HUÁNUCO,1,746,244,502,162,86,76,202,84,118,380,74,306,2,,2,2025-09
2023,ENE - DIC,2024-01-15,ENT005,"DIRECCION GENERAL DE NIÑAS, NIÑOS Y ADOLESCENTE",LIN001,"ATENCION A NIÑAS, NIÑOS Y ADOLESCENTES EN PRESUNTO ESTADO DE ABANDONO",SER016,UNIDAD DE PROTECCIÓN ESPECIAL,140101,LAMBAYEQUE,CHICLAYO,CHICLAYO,UPE015,UPE LAMBAYEQUE,1,1339,568,771,345,180,165,466,229,237,523,158,365,5,1,4,2025-09
2023,ENE - DIC,2024-01-15,ENT005,"DIRECCION GENERAL DE NIÑAS, NIÑOS Y ADOLESCENTE",LIN001,"ATENCION A NIÑAS, NIÑOS Y ADOLESCENTES EN PRESUNTO ESTADO DE ABANDONO",SER016,UNIDAD DE PROTECCIÓN ESPECIAL,150133,LIMA,LIMA,SAN JUAN DE MIRAFLORES,UPE016,UPE LIMA SUR,1,2087,806,1281,476,243,233,651,307,344,957,255,702,3,1,2,2025-09
2023,ENE - DIC,2024-01-15,ENT005,"DIRECCION GENERAL DE NIÑAS, NIÑOS Y ADOLESCENTE",LIN001,"ATENCION A NIÑAS, NIÑOS Y ADOLESCENTES EN PRESUNTO ESTADO DE ABANDONO",SER016,UNIDAD DE PROTECCIÓN ESPECIAL,210101,PUNO,PUNO,PUNO,UPE017,UPE PUNO,1,421,176,245,99,47,52,115,61,54,207,68,139,0,,,2025-09
2023,ENE - DIC,2024-01-15,ENT005,"DIRECCION GENERAL DE NIÑAS, NIÑOS Y ADOLESCENTE",LIN001,"ATENCION A NIÑAS, NIÑOS Y ADOLESCENTES EN PRESUNTO ESTADO DE ABANDONO",SER016,UNIDAD DE PROTECCIÓN ESPECIAL,250101,UCAYALI,CORONEL PORTILLO,CALLERÍA,UPE018,UPE UCAYALI,1,607,201,406,105,58,47,170,76,94,332,67,265,0,,,2025-09
2023,ENE - DIC,2024-01-15,ENT005,"DIRECCION GENERAL DE NIÑAS, NIÑOS Y ADOLESCENTE",LIN001,"ATENCION A NIÑAS, NIÑOS Y ADOLESCENTES EN PRESUNTO ESTADO DE ABANDONO",SER016,UNIDAD DE PROTECCIÓN ESPECIAL,010101,AMAZONAS,CHACHAPOYAS,CHACHAPOYAS,UPE019,UPE AMAZONAS,1,405,156,249,103,50,53,119,56,63,183,50,133,0,,,2025-09
2023,ENE - DIC,2024-01-15,ENT005,"DIRECCION GENERAL DE NIÑAS, NIÑOS Y ADOLESCENTE",LIN001,"ATENCION A NIÑAS, NIÑOS Y ADOLESCENTES EN PRESUNTO ESTADO DE ABANDONO",SER016,UNIDAD DE PROTECCIÓN ESPECIAL,020101,ÁNCASH,HUARAZ,HUARAZ,UPE020,UPE ANCASH,1,549,216,333,118,61,57,124,61,63,305,93,212,2,1,1,2025-09
2023,ENE - DIC,2024-01-15,ENT005,"DIRECCION GENERAL DE NIÑAS, NIÑOS Y ADOLESCENTE",LIN001,"ATENCION A NIÑAS, NIÑOS Y ADOLESCENTES EN PRESUNTO ESTADO DE ABANDONO",SER016,UNIDAD DE PROTECCIÓN ESPECIAL,110101,ICA,ICA,ICA,UPE021,UPE ICA,1,849,332,517,205,96,109,284,117,167,359,119,240,1,,1,2025-09
2023,ENE - DIC,2024-01-15,ENT005,"DIRECCION GENERAL DE NIÑAS, NIÑOS Y ADOLESCENTE",LIN001,"ATENCION A NIÑAS, NIÑOS Y ADOLESCENTES EN PRESUNTO ESTADO DE ABANDONO",SER016,UNIDAD DE PROTECCIÓN ESPECIAL,130101,LA LIBERTAD,TRUJILLO,TRUJILLO,UPE022,UPE LA LIBERTAD,1,1031,409,622,225,105,120,324,154,170,480,150,330,2,,2,2025-09
2023,ENE - DIC,2024-01-15,ENT005,"DIRECCION GENERAL DE NIÑAS, NIÑOS Y ADOLESCENTE",LIN001,"ATENCION A NIÑAS, NIÑOS Y ADOLESCENTES EN PRESUNTO ESTADO DE ABANDONO",SER016,UNIDAD DE PROTECCIÓN ESPECIAL,180101,MOQUEGUA,MARISCAL NIETO,MOQUEGUA,UPE023,UPE MOQUEGUA,1,537,207,330,117,59,58,150,64,86,267,83,184,3,1,2,2025-09
2023,ENE - DIC,2024-01-15,ENT005,"DIRECCION GENERAL DE NIÑAS, NIÑOS Y ADOLESCENTE",LIN001,"ATENCION A NIÑAS, NIÑOS Y ADOLESCENTES EN PRESUNTO ESTADO DE ABANDONO",SER016,UNIDAD DE PROTECCIÓN ESPECIAL,090101,HUANCAVELICA,HUANCAVELICA,HUANCAVELICA,UPE024,UPE HUANCAVELICA,1,503,219,284,107,57,50,173,82,91,223,80,143,0,,,2025-09
2024,ENE - DIC,2025-01-14,ENT005,"DIRECCION GENERAL DE NIÑAS, NIÑOS Y ADOLESCENTE",LIN001,"ATENCION A NIÑAS, NIÑOS Y ADOLESCENTES EN PRESUNTO ESTADO DE ABANDONO",SER016,UNIDAD DE PROTECCIÓN ESPECIAL,150101,LIMA,LIMA,LIMA,SEDE01,UPE - LIMA,1,3078,1331,1747,615,319,296,1066,521,545,1393,490,903,4,1,3,2025-09
2024,ENE - DIC,2025-01-14,ENT005,"DIRECCION GENERAL DE NIÑAS, NIÑOS Y ADOLESCENTE",LIN001,"ATENCION A NIÑAS, NIÑOS Y ADOLESCENTES EN PRESUNTO ESTADO DE ABANDONO",SER016,UNIDAD DE PROTECCIÓN ESPECIAL,070101,CALLAO,CALLAO,CALLAO,UIT006,UPE - LIMA NORTE CALLAO,1,3633,1431,2202,786,389,397,1151,552,599,1696,490,1206,,,,2025-09
2024,ENE - DIC,2025-01-14,ENT005,"DIRECCION GENERAL DE NIÑAS, NIÑOS Y ADOLESCENTE",LIN001,"ATENCION A NIÑAS, NIÑOS Y ADOLESCENTES EN PRESUNTO ESTADO DE ABANDONO",SER016,UNIDAD DE PROTECCIÓN ESPECIAL,150103,LIMA,LIMA,ATE,UIT007,UPE - LIMA ESTE,1,2511,1037,1474,619,287,332,818,384,434,1074,366,708,,,,2025-09
2024,ENE - DIC,2025-01-14,ENT005,"DIRECCION GENERAL DE NIÑAS, NIÑOS Y ADOLESCENTE",LIN001,"ATENCION A NIÑAS, NIÑOS Y ADOLESCENTES EN PRESUNTO ESTADO DE ABANDONO",SER016,UNIDAD DE PROTECCIÓN ESPECIAL,040101,AREQUIPA,AREQUIPA,AREQUIPA,UIT001,UPE - AREQUIPA,1,1970,819,1151,455,206,249,687,341,346,828,272,556,,,,2025-09
2024,ENE - DIC,2025-01-14,ENT005,"DIRECCION GENERAL DE NIÑAS, NIÑOS Y ADOLESCENTE",LIN001,"ATENCION A NIÑAS, NIÑOS Y ADOLESCENTES EN PRESUNTO ESTADO DE ABANDONO",SER016,UNIDAD DE PROTECCIÓN ESPECIAL,060101,CAJAMARCA,CAJAMARCA,CAJAMARCA,UPE008,UPE - CAJAMARCA,1,591,205,386,114,57,57,163,74,89,313,74,239,1,,1,2025-09
2024,ENE - DIC,2025-01-14,ENT005,"DIRECCION GENERAL DE NIÑAS, NIÑOS Y ADOLESCENTE",LIN001,"ATENCION A NIÑAS, NIÑOS Y ADOLESCENTES EN PRESUNTO ESTADO DE ABANDONO",SER016,UNIDAD DE PROTECCIÓN ESPECIAL,080108,CUSCO,CUSCO,WANCHAQ,UIT002,UPE - CUSCO,1,1721,670,1051,425,235,190,444,211,233,847,224,623,5,,5,2025-09
2024,ENE - DIC,2025-01-14,ENT005,"DIRECCION GENERAL DE NIÑAS, NIÑOS Y ADOLESCENTE",LIN001,"ATENCION A NIÑAS, NIÑOS Y ADOLESCENTES EN PRESUNTO ESTADO DE ABANDONO",SER016,UNIDAD DE PROTECCIÓN ESPECIAL,120114,JUNÍN,HUANCAYO,EL TAMBO,UIT003,UPE - JUNÍN,1,992,409,583,252,130,122,341,153,188,398,126,272,1,,1,2025-09
2024,ENE - DIC,2025-01-14,ENT005,"DIRECCION GENERAL DE NIÑAS, NIÑOS Y ADOLESCENTE",LIN001,"ATENCION A NIÑAS, NIÑOS Y ADOLESCENTES EN PRESUNTO ESTADO DE ABANDONO",SER016,UNIDAD DE PROTECCIÓN ESPECIAL,170101,MADRE DE DIOS,TAMBOPATA,TAMBOPATA,UIT004,UPE - MADRE DE DIOS,1,704,286,418,132,69,63,223,115,108,336,98,238,13,4,9,2025-09
2024,ENE - DIC,2025-01-14,ENT005,"DIRECCION GENERAL DE NIÑAS, NIÑOS Y ADOLESCENTE",LIN001,"ATENCION A NIÑAS, NIÑOS Y ADOLESCENTES EN PRESUNTO ESTADO DE ABANDONO",SER016,UNIDAD DE PROTECCIÓN ESPECIAL,200101,PIURA,PIURA,PIURA,UIT005,UPE - PIURA,1,1923,853,1070,417,199,218,639,324,315,859,330,529,8,,8,2025-09
2024,ENE - DIC,2025-01-14,ENT005,"DIRECCION GENERAL DE NIÑAS, NIÑOS Y ADOLESCENTE",LIN001,"ATENCION A NIÑAS, NIÑOS Y ADOLESCENTES EN PRESUNTO ESTADO DE ABANDONO",SER016,UNIDAD DE PROTECCIÓN ESPECIAL,160101,LORETO,MAYNAS,IQUITOS,UPE009,UPE - LORETO,1,953,356,597,165,87,78,316,132,184,469,136,333,3,1,2,2025-09
2024,ENE - DIC,2025-01-14,ENT005,"DIRECCION GENERAL DE NIÑAS, NIÑOS Y ADOLESCENTE",LIN001,"ATENCION A NIÑAS, NIÑOS Y ADOLESCENTES EN PRESUNTO ESTADO DE ABANDONO",SER016,UNIDAD DE PROTECCIÓN ESPECIAL,230101,TACNA,TACNA,TACNA,UPE010,UPE - TACNA,1,570,252,318,143,77,66,177,90,87,248,83,165,2,2,,2025-09
2024,ENE - DIC,2025-01-14,ENT005,"DIRECCION GENERAL DE NIÑAS, NIÑOS Y ADOLESCENTE",LIN001,"ATENCION A NIÑAS, NIÑOS Y ADOLESCENTES EN PRESUNTO ESTADO DE ABANDONO",SER016,UNIDAD DE PROTECCIÓN ESPECIAL,240101,TUMBES,TUMBES,TUMBES,UPE011,UPE -TUMBES,1,782,388,394,144,74,70,258,147,111,378,166,212,2,1,1,2025-09
2024,ENE - DIC,2025-01-14,ENT005,"DIRECCION GENERAL DE NIÑAS, NIÑOS Y ADOLESCENTE",LIN001,"ATENCION A NIÑAS, NIÑOS Y ADOLESCENTES EN PRESUNTO ESTADO DE ABANDONO",SER016,UNIDAD DE PROTECCIÓN ESPECIAL,030101,APURÍMAC,ABANCAY,ABANCAY,UPE012,UPE APURÍMAC,1,212,95,117,56,32,24,73,31,42,83,32,51,,,,2025-09
2024,ENE - DIC,2025-01-14,ENT005,"DIRECCION GENERAL DE NIÑAS, NIÑOS Y ADOLESCENTE",LIN001,"ATENCION A NIÑAS, NIÑOS Y ADOLESCENTES EN PRESUNTO ESTADO DE ABANDONO",SER016,UNIDAD DE PROTECCIÓN ESPECIAL,050101,AYACUCHO,HUAMANGA,AYACUCHO,UPE013,UPE AYACUCHO,1,635,262,373,161,88,73,207,87,120,267,87,180,,,,2025-09
2024,ENE - DIC,2025-01-14,ENT005,"DIRECCION GENERAL DE NIÑAS, NIÑOS Y ADOLESCENTE",LIN001,"ATENCION A NIÑAS, NIÑOS Y ADOLESCENTES EN PRESUNTO ESTADO DE ABANDONO",SER016,UNIDAD DE PROTECCIÓN ESPECIAL,100101,HUÁNUCO,HUÁNUCO,HUÁNUCO,UPE014,UPE HUÁNUCO,1,836,268,568,192,94,98,213,92,121,431,82,349,,,,2025-09
2024,ENE - DIC,2025-01-14,ENT005,"DIRECCION GENERAL DE NIÑAS, NIÑOS Y ADOLESCENTE",LIN001,"ATENCION A NIÑAS, NIÑOS Y ADOLESCENTES EN PRESUNTO ESTADO DE ABANDONO",SER016,UNIDAD DE PROTECCIÓN ESPECIAL,140101,LAMBAYEQUE,CHICLAYO,CHICLAYO,UPE015,UPE LAMBAYEQUE,1,1428,586,842,292,141,151,433,218,215,695,224,471,8,3,5,2025-09
2024,ENE - DIC,2025-01-14,ENT005,"DIRECCION GENERAL DE NIÑAS, NIÑOS Y ADOLESCENTE",LIN001,"ATENCION A NIÑAS, NIÑOS Y ADOLESCENTES EN PRESUNTO ESTADO DE ABANDONO",SER016,UNIDAD DE PROTECCIÓN ESPECIAL,150133,LIMA,LIMA,SAN JUAN DE MIRAFLORES,UPE016,UPE LIMA SUR,1,2067,817,1250,445,214,231,707,330,377,915,273,642,,,,2025-09
2024,ENE - DIC,2025-01-14,ENT005,"DIRECCION GENERAL DE NIÑAS, NIÑOS Y ADOLESCENTE",LIN001,"ATENCION A NIÑAS, NIÑOS Y ADOLESCENTES EN PRESUNTO ESTADO DE ABANDONO",SER016,UNIDAD DE PROTECCIÓN ESPECIAL,210101,PUNO,PUNO,PUNO,UPE017,UPE PUNO,1,372,165,207,75,39,36,123,57,66,174,69,105,,,,2025-09
2024,ENE - DIC,2025-01-14,ENT005,"DIRECCION GENERAL DE NIÑAS, NIÑOS Y ADOLESCENTE",LIN001,"ATENCION A NIÑAS, NIÑOS Y ADOLESCENTES EN PRESUNTO ESTADO DE ABANDONO",SER016,UNIDAD DE PROTECCIÓN ESPECIAL,250101,UCAYALI,CORONEL PORTILLO,CALLERÍA,UPE018,UPE UCAYALI,1,688,247,441,129,58,71,225,101,124,334,88,246,,,,2025-09
2024,ENE - DIC,2025-01-14,ENT005,"DIRECCION GENERAL DE NIÑAS, NIÑOS Y ADOLESCENTE",LIN001,"ATENCION A NIÑAS, NIÑOS Y ADOLESCENTES EN PRESUNTO ESTADO DE ABANDONO",SER016,UNIDAD DE PROTECCIÓN ESPECIAL,010101,AMAZONAS,CHACHAPOYAS,CHACHAPOYAS,UPE019,UPE AMAZONAS,1,332,150,182,68,34,34,101,56,45,162,60,102,1,,1,2025-09
2024,ENE - DIC,2025-01-14,ENT005,"DIRECCION GENERAL DE NIÑAS, NIÑOS Y ADOLESCENTE",LIN001,"ATENCION A NIÑAS, NIÑOS Y ADOLESCENTES EN PRESUNTO ESTADO DE ABANDONO",SER016,UNIDAD DE PROTECCIÓN ESPECIAL,020101,ÁNCASH,HUARAZ,HUARAZ,UPE020,UPE ANCASH,1,570,235,335,128,71,57,143,73,70,293,89,204,6,2,4,2025-09
2024,ENE - DIC,2025-01-14,ENT005,"DIRECCION GENERAL DE NIÑAS, NIÑOS Y ADOLESCENTE",LIN001,"ATENCION A NIÑAS, NIÑOS Y ADOLESCENTES EN PRESUNTO ESTADO DE ABANDONO",SER016,UNIDAD DE PROTECCIÓN ESPECIAL,110101,ICA,ICA,ICA,UPE021,UPE ICA,1,956,385,571,214,99,115,339,162,177,400,121,279,3,3,,2025-09
2024,ENE - DIC,2025-01-14,ENT005,"DIRECCION GENERAL DE NIÑAS, NIÑOS Y ADOLESCENTE",LIN001,"ATENCION A NIÑAS, NIÑOS Y ADOLESCENTES EN PRESUNTO ESTADO DE ABANDONO",SER016,UNIDAD DE PROTECCIÓN ESPECIAL,130101,LA LIBERTAD,TRUJILLO,TRUJILLO,UPE022,UPE LA LIBERTAD,1,878,343,535,188,89,99,296,150,146,393,103,290,1,1,,2025-09
2024,ENE - DIC,2025-01-14,ENT005,"DIRECCION GENERAL DE NIÑAS, NIÑOS Y ADOLESCENTE",LIN001,"ATENCION A NIÑAS, NIÑOS Y ADOLESCENTES EN PRESUNTO ESTADO DE ABANDONO",SER016,UNIDAD DE PROTECCIÓN ESPECIAL,180101,MOQUEGUA,MARISCAL NIETO,MOQUEGUA,UPE023,UPE MOQUEGUA,1,533,232,301,138,71,67,177,86,91,218,75,143,,,,2025-09
2024,ENE - DIC,2025-01-14,ENT005,"DIRECCION GENERAL DE NIÑAS, NIÑOS Y ADOLESCENTE",LIN001,"ATENCION A NIÑAS, NIÑOS Y ADOLESCENTES EN PRESUNTO ESTADO DE ABANDONO",SER016,UNIDAD DE PROTECCIÓN ESPECIAL,090101,HUANCAVELICA,HUANCAVELICA,HUANCAVELICA,UPE024,UPE HUANCAVELICA,1,484,217,267,128,70,58,152,71,81,204,76,128,,,,2025-09
2025,ENE - SET,2025-10-14,ENT005,"DIRECCION GENERAL DE NIÑAS, NIÑOS Y ADOLESCENTE",LIN001,"ATENCION A NIÑAS, NIÑOS Y ADOLESCENTES EN PRESUNTO ESTADO DE ABANDONO",SER016,UNIDAD DE PROTECCIÓN ESPECIAL,150101,LIMA,LIMA,LIMA,SEDE01,UPE - LIMA,1,2062,935,1127,400,210,190,738,395,343,916,326,590,8,4,4,2025-09
2025,ENE - SET,2025-10-14,ENT005,"DIRECCION GENERAL DE NIÑAS, NIÑOS Y ADOLESCENTE",LIN001,"ATENCION A NIÑAS, NIÑOS Y ADOLESCENTES EN PRESUNTO ESTADO DE ABANDONO",SER016,UNIDAD DE PROTECCIÓN ESPECIAL,070101,CALLAO,CALLAO,CALLAO,UIT006,UPE - LIMA NORTE CALLAO,1,1256,522,734,307,171,136,430,200,230,519,151,368,,,,2025-09
2025,ENE - SET,2025-10-14,ENT005,"DIRECCION GENERAL DE NIÑAS, NIÑOS Y ADOLESCENTE",LIN001,"ATENCION A NIÑAS, NIÑOS Y ADOLESCENTES EN PRESUNTO ESTADO DE ABANDONO",SER016,UNIDAD DE PROTECCIÓN ESPECIAL,150103,LIMA,LIMA,ATE,UIT007,UPE - LIMA ESTE,1,685,256,429,167,85,82,183,90,93,333,81,252,2,,2,2025-09
2025,ENE - SET,2025-10-14,ENT005,"DIRECCION GENERAL DE NIÑAS, NIÑOS Y ADOLESCENTE",LIN001,"ATENCION A NIÑAS, NIÑOS Y ADOLESCENTES EN PRESUNTO ESTADO DE ABANDONO",SER016,UNIDAD DE PROTECCIÓN ESPECIAL,040101,AREQUIPA,AREQUIPA,AREQUIPA,UIT001,UPE - AREQUIPA,1,670,314,356,198,106,92,222,117,105,250,91,159,,,,2025-09
2025,ENE - SET,2025-10-14,ENT005,"DIRECCION GENERAL DE NIÑAS, NIÑOS Y ADOLESCENTE",LIN001,"ATENCION A NIÑAS, NIÑOS Y ADOLESCENTES EN PRESUNTO ESTADO DE ABANDONO",SER016,UNIDAD DE PROTECCIÓN ESPECIAL,060101,CAJAMARCA,CAJAMARCA,CAJAMARCA,UPE008,UPE - CAJAMARCA,1,411,126,285,87,35,52,129,45,84,195,46,149,,,,2025-09
2025,ENE - SET,2025-10-14,ENT005,"DIRECCION GENERAL DE NIÑAS, NIÑOS Y ADOLESCENTE",LIN001,"ATENCION A NIÑAS, NIÑOS Y ADOLESCENTES EN PRESUNTO ESTADO DE ABANDONO",SER016,UNIDAD DE PROTECCIÓN ESPECIAL,080108,CUSCO,CUSCO,WANCHAQ,UIT002,UPE - CUSCO,1,1157,499,658,216,100,116,377,177,200,561,221,340,3,1,2,2025-09
2025,ENE - SET,2025-10-14,ENT005,"DIRECCION GENERAL DE NIÑAS, NIÑOS Y ADOLESCENTE",LIN001,"ATENCION A NIÑAS, NIÑOS Y ADOLESCENTES EN PRESUNTO ESTADO DE ABANDONO",SER016,UNIDAD DE PROTECCIÓN ESPECIAL,120114,JUNÍN,HUANCAYO,EL TAMBO,UIT003,UPE - JUNÍN,1,2529,1081,1448,544,275,269,864,416,448,1117,390,727,4,,4,2025-09
2025,ENE - SET,2025-10-14,ENT005,"DIRECCION GENERAL DE NIÑAS, NIÑOS Y ADOLESCENTE",LIN001,"ATENCION A NIÑAS, NIÑOS Y ADOLESCENTES EN PRESUNTO ESTADO DE ABANDONO",SER016,UNIDAD DE PROTECCIÓN ESPECIAL,170101,MADRE DE DIOS,TAMBOPATA,TAMBOPATA,UIT004,UPE - MADRE DE DIOS,1,1333,590,743,307,173,134,412,223,189,613,193,420,1,1,,2025-09
2025,ENE - SET,2025-10-14,ENT005,"DIRECCION GENERAL DE NIÑAS, NIÑOS Y ADOLESCENTE",LIN001,"ATENCION A NIÑAS, NIÑOS Y ADOLESCENTES EN PRESUNTO ESTADO DE ABANDONO",SER016,UNIDAD DE PROTECCIÓN ESPECIAL,200101,PIURA,PIURA,PIURA,UIT005,UPE - PIURA,1,382,125,257,67,28,39,92,43,49,223,54,169,,,,2025-09
2025,ENE - SET,2025-10-14,ENT005,"DIRECCION GENERAL DE NIÑAS, NIÑOS Y ADOLESCENTE",LIN001,"ATENCION A NIÑAS, NIÑOS Y ADOLESCENTES EN PRESUNTO ESTADO DE ABANDONO",SER016,UNIDAD DE PROTECCIÓN ESPECIAL,160101,LORETO,MAYNAS,IQUITOS,UPE009,UPE - LORETO,1,497,186,311,98,44,54,146,61,85,253,81,172,,,,2025-09
2025,ENE - SET,2025-10-14,ENT005,"DIRECCION GENERAL DE NIÑAS, NIÑOS Y ADOLESCENTE",LIN001,"ATENCION A NIÑAS, NIÑOS Y ADOLESCENTES EN PRESUNTO ESTADO DE ABANDONO",SER016,UNIDAD DE PROTECCIÓN ESPECIAL,230101,TACNA,TACNA,TACNA,UPE010,UPE - TACNA,1,436,182,254,94,46,48,140,68,72,202,68,134,,,,2025-09
2025,ENE - SET,2025-10-14,ENT005,"DIRECCION GENERAL DE NIÑAS, NIÑOS Y ADOLESCENTE",LIN001,"ATENCION A NIÑAS, NIÑOS Y ADOLESCENTES EN PRESUNTO ESTADO DE ABANDONO",SER016,UNIDAD DE PROTECCIÓN ESPECIAL,240101,TUMBES,TUMBES,TUMBES,UPE011,UPE -TUMBES,1,426,189,237,95,48,47,134,73,61,197,68,129,,,,2025-09
2025,ENE - SET,2025-10-14,ENT005,"DIRECCION GENERAL DE NIÑAS, NIÑOS Y ADOLESCENTE",LIN001,"ATENCION A NIÑAS, NIÑOS Y ADOLESCENTES EN PRESUNTO ESTADO DE ABANDONO",SER016,UNIDAD DE PROTECCIÓN ESPECIAL,030101,APURÍMAC,ABANCAY,ABANCAY,UPE012,UPE APURÍMAC,1,112,38,74,21,8,13,41,10,31,50,20,30,,,,2025-09
2025,ENE - SET,2025-10-14,ENT005,"DIRECCION GENERAL DE NIÑAS, NIÑOS Y ADOLESCENTE",LIN001,"ATENCION A NIÑAS, NIÑOS Y ADOLESCENTES EN PRESUNTO ESTADO DE ABANDONO",SER016,UNIDAD DE PROTECCIÓN ESPECIAL,050101,AYACUCHO,HUAMANGA,AYACUCHO,UPE013,UPE AYACUCHO,1,366,137,229,101,48,53,107,49,58,157,40,117,1,,1,2025-09
2025,ENE - SET,2025-10-14,ENT005,"DIRECCION GENERAL DE NIÑAS, NIÑOS Y ADOLESCENTE",LIN001,"ATENCION A NIÑAS, NIÑOS Y ADOLESCENTES EN PRESUNTO ESTADO DE ABANDONO",SER016,UNIDAD DE PROTECCIÓN ESPECIAL,100101,HUÁNUCO,HUÁNUCO,HUÁNUCO,UPE014,UPE HUÁNUCO,1,564,192,372,107,52,55,157,71,86,300,69,231,,,,2025-09
2025,ENE - SET,2025-10-14,ENT005,"DIRECCION GENERAL DE NIÑAS, NIÑOS Y ADOLESCENTE",LIN001,"ATENCION A NIÑAS, NIÑOS Y ADOLESCENTES EN PRESUNTO ESTADO DE ABANDONO",SER016,UNIDAD DE PROTECCIÓN ESPECIAL,140101,LAMBAYEQUE,CHICLAYO,CHICLAYO,UPE015,UPE LAMBAYEQUE,1,646,249,397,116,66,50,231,99,132,299,84,215,,,,2025-09
2025,ENE - SET,2025-10-14,ENT005,"DIRECCION GENERAL DE NIÑAS, NIÑOS Y ADOLESCENTE",LIN001,"ATENCION A NIÑAS, NIÑOS Y ADOLESCENTES EN PRESUNTO ESTADO DE ABANDONO",SER016,UNIDAD DE PROTECCIÓN ESPECIAL,150133,LIMA,LIMA,SAN JUAN DE MIRAFLORES,UPE016,UPE LIMA SUR,1,1351,550,801,311,177,134,400,193,207,638,179,459,2,1,1,2025-09
2025,ENE - SET,2025-10-14,ENT005,"DIRECCION GENERAL DE NIÑAS, NIÑOS Y ADOLESCENTE",LIN001,"ATENCION A NIÑAS, NIÑOS Y ADOLESCENTES EN PRESUNTO ESTADO DE ABANDONO",SER016,UNIDAD DE PROTECCIÓN ESPECIAL,210101,PUNO,PUNO,PUNO,UPE017,UPE PUNO,1,293,108,185,49,22,27,90,32,58,154,54,100,,,,2025-09
2025,ENE - SET,2025-10-14,ENT005,"DIRECCION GENERAL DE NIÑAS, NIÑOS Y ADOLESCENTE",LIN001,"ATENCION A NIÑAS, NIÑOS Y ADOLESCENTES EN PRESUNTO ESTADO DE ABANDONO",SER016,UNIDAD DE PROTECCIÓN ESPECIAL,250101,UCAYALI,CORONEL PORTILLO,CALLERÍA,UPE018,UPE UCAYALI,1,472,166,306,81,39,42,156,65,91,235,62,173,,,,2025-09
2025,ENE - SET,2025-10-14,ENT005,"DIRECCION GENERAL DE NIÑAS, NIÑOS Y ADOLESCENTE",LIN001,"ATENCION A NIÑAS, NIÑOS Y ADOLESCENTES EN PRESUNTO ESTADO DE ABANDONO",SER016,UNIDAD DE PROTECCIÓN ESPECIAL,010101,AMAZONAS,CHACHAPOYAS,CHACHAPOYAS,UPE019,UPE AMAZONAS,1,225,106,119,37,22,15,74,36,38,113,47,66,1,1,,2025-09
2025,ENE - SET,2025-10-14,ENT005,"DIRECCION GENERAL DE NIÑAS, NIÑOS Y ADOLESCENTE",LIN001,"ATENCION A NIÑAS, NIÑOS Y ADOLESCENTES EN PRESUNTO ESTADO DE ABANDONO",SER016,UNIDAD DE PROTECCIÓN ESPECIAL,020101,ÁNCASH,HUARAZ,HUARAZ,UPE020,UPE ANCASH,1,297,133,164,85,47,38,86,53,33,126,33,93,,,,2025-09
2025,ENE - SET,2025-10-14,ENT005,"DIRECCION GENERAL DE NIÑAS, NIÑOS Y ADOLESCENTE",LIN001,"ATENCION A NIÑAS, NIÑOS Y ADOLESCENTES EN PRESUNTO ESTADO DE ABANDONO",SER016,UNIDAD DE PROTECCIÓN ESPECIAL,110101,ICA,ICA,ICA,UPE021,UPE ICA,1,607,253,354,135,64,71,205,103,102,267,86,181,,,,2025-09
2025,ENE - SET,2025-10-14,ENT005,"DIRECCION GENERAL DE NIÑAS, NIÑOS Y ADOLESCENTE",LIN001,"ATENCION A NIÑAS, NIÑOS Y ADOLESCENTES EN PRESUNTO ESTADO DE ABANDONO",SER016,UNIDAD DE PROTECCIÓN ESPECIAL,130101,LA LIBERTAD,TRUJILLO,TRUJILLO,UPE022,UPE LA LIBERTAD,1,644,277,367,150,71,79,210,96,114,284,110,174,,,,2025-09
2025,ENE - SET,2025-10-14,ENT005,"DIRECCION GENERAL DE NIÑAS, NIÑOS Y ADOLESCENTE",LIN001,"ATENCION A NIÑAS, NIÑOS Y ADOLESCENTES EN PRESUNTO ESTADO DE ABANDONO",SER016,UNIDAD DE PROTECCIÓN ESPECIAL,180101,MOQUEGUA,MARISCAL NIETO,MOQUEGUA,UPE023,UPE MOQUEGUA,1,245,94,151,68,35,33,72,32,40,105,27,78,,,,2025-09
2025,ENE - SET,2025-10-14,ENT005,"DIRECCION GENERAL DE NIÑAS, NIÑOS Y ADOLESCENTE",LIN001,"ATENCION A NIÑAS, NIÑOS Y ADOLESCENTES EN PRESUNTO ESTADO DE ABANDONO",SER016,UNIDAD DE PROTECCIÓN ESPECIAL,090101,HUANCAVELICA,HUANCAVELICA,HUANCAVELICA,UPE024,UPE HUANCAVELICA,1,351,139,212,87,43,44,109,47,62,155,49,106,,,,2025-09
